,date,prcp,month
2363,2016-08-23,0.0,2016-08-23 00:00:00
2364,2016-08-24,0.08,2016-08-24 00:00:00
2365,2016-08-25,0.08,2016-08-25 00:00:00
2366,2016-08-26,0.0,2016-08-26 00:00:00
2367,2016-08-27,0.0,2016-08-27 00:00:00
2368,2016-08-28,0.01,2016-08-28 00:00:00
2369,2016-08-29,0.0,2016-08-29 00:00:00
2370,2016-08-30,0.0,2016-08-30 00:00:00
2371,2016-08-31,0.13,2016-08-31 00:00:00
2372,2016-09-01,0.0,2016-09-01 00:00:00
2373,2016-09-02,0.0,2016-09-02 00:00:00
2374,2016-09-03,0.0,2016-09-03 00:00:00
2375,2016-09-04,0.03,2016-09-04 00:00:00
2376,2016-09-05,0.05,2016-09-05 00:00:00
2377,2016-09-06,0.05,2016-09-06 00:00:00
2378,2016-09-07,0.05,2016-09-07 00:00:00
2379,2016-09-08,0.0,2016-09-08 00:00:00
2380,2016-09-09,0.03,2016-09-09 00:00:00
2381,2016-09-10,0.0,2016-09-10 00:00:00
2382,2016-09-11,0.05,2016-09-11 00:00:00
2383,2016-09-12,0.0,2016-09-12 00:00:00
2384,2016-09-13,0.02,2016-09-13 00:00:00
2385,2016-09-14,1.32,2016-09-14 00:00:00
2386,2016-09-15,0.42,2016-09-15 00:00:00
2387,2016-09-16,0.06,2016-09-16 00:00:00
2388,2016-09-17,0.05,2016-09-17 00:00:00
2389,2016-09-18,0.0,2016-09-18 00:00:00
2390,2016-09-19,0.0,2016-09-19 00:00:00
2391,2016-09-20,0.0,2016-09-20 00:00:00
2392,2016-09-21,0.0,2016-09-21 00:00:00
2393,2016-09-22,0.02,2016-09-22 00:00:00
2394,2016-09-23,0.0,2016-09-23 00:00:00
2395,2016-09-24,0.0,2016-09-24 00:00:00
2396,2016-09-25,0.0,2016-09-25 00:00:00
2397,2016-09-26,0.06,2016-09-26 00:00:00
2398,2016-09-27,0.02,2016-09-27 00:00:00
2399,2016-09-28,0.0,2016-09-28 00:00:00
2400,2016-09-29,0.0,2016-09-29 00:00:00
2401,2016-09-30,0.0,2016-09-30 00:00:00
2402,2016-10-01,0.0,2016-10-01 00:00:00
2403,2016-10-02,0.0,2016-10-02 00:00:00
2404,2016-10-03,0.0,2016-10-03 00:00:00
2405,2016-10-04,0.0,2016-10-04 00:00:00
2406,2016-10-05,0.0,2016-10-05 00:00:00
2407,2016-10-06,0.0,2016-10-06 00:00:00
2408,2016-10-07,0.0,2016-10-07 00:00:00
2409,2016-10-08,0.0,2016-10-08 00:00:00
2410,2016-10-09,0.0,2016-10-09 00:00:00
2411,2016-10-10,0.0,2016-10-10 00:00:00
2412,2016-10-11,0.0,2016-10-11 00:00:00
2413,2016-10-12,0.0,2016-10-12 00:00:00
2414,2016-10-13,0.0,2016-10-13 00:00:00
2415,2016-10-14,0.0,2016-10-14 00:00:00
2416,2016-10-15,0.0,2016-10-15 00:00:00
2417,2016-10-16,0.0,2016-10-16 00:00:00
2418,2016-10-17,0.01,2016-10-17 00:00:00
2419,2016-10-18,0.0,2016-10-18 00:00:00
2420,2016-10-19,0.0,2016-10-19 00:00:00
2421,2016-10-20,0.0,2016-10-20 00:00:00
2422,2016-10-21,0.05,2016-10-21 00:00:00
2423,2016-10-22,0.15,2016-10-22 00:00:00
2424,2016-10-23,0.01,2016-10-23 00:00:00
2425,2016-10-24,0.0,2016-10-24 00:00:00
2426,2016-10-25,0.03,2016-10-25 00:00:00
2427,2016-10-26,0.0,2016-10-26 00:00:00
2428,2016-10-27,0.0,2016-10-27 00:00:00
2429,2016-10-28,0.0,2016-10-28 00:00:00
2430,2016-10-29,0.0,2016-10-29 00:00:00
2431,2016-10-30,0.24,2016-10-30 00:00:00
2432,2016-10-31,0.03,2016-10-31 00:00:00
2433,2016-11-01,0.0,2016-11-01 00:00:00
2434,2016-11-02,0.0,2016-11-02 00:00:00
2435,2016-11-03,0.0,2016-11-03 00:00:00
2436,2016-11-04,0.0,2016-11-04 00:00:00
2437,2016-11-05,0.0,2016-11-05 00:00:00
2438,2016-11-06,0.0,2016-11-06 00:00:00
2439,2016-11-07,0.0,2016-11-07 00:00:00
2440,2016-11-08,0.07,2016-11-08 00:00:00
2441,2016-11-09,0.0,2016-11-09 00:00:00
2442,2016-11-10,0.0,2016-11-10 00:00:00
2443,2016-11-11,0.0,2016-11-11 00:00:00
2444,2016-11-12,0.0,2016-11-12 00:00:00
2445,2016-11-13,0.0,2016-11-13 00:00:00
2446,2016-11-14,0.0,2016-11-14 00:00:00
2447,2016-11-15,0.0,2016-11-15 00:00:00
2448,2016-11-16,0.0,2016-11-16 00:00:00
2449,2016-11-17,0.0,2016-11-17 00:00:00
2450,2016-11-18,0.0,2016-11-18 00:00:00
2451,2016-11-19,0.03,2016-11-19 00:00:00
2452,2016-11-20,0.05,2016-11-20 00:00:00
2453,2016-11-21,0.01,2016-11-21 00:00:00
2454,2016-11-22,0.13,2016-11-22 00:00:00
2455,2016-11-23,0.14,2016-11-23 00:00:00
2456,2016-11-24,0.05,2016-11-24 00:00:00
2457,2016-11-25,0.05,2016-11-25 00:00:00
2458,2016-11-26,0.05,2016-11-26 00:00:00
2459,2016-11-27,0.0,2016-11-27 00:00:00
2460,2016-11-28,0.01,2016-11-28 00:00:00
2461,2016-11-29,0.0,2016-11-29 00:00:00
2462,2016-11-30,0.14,2016-11-30 00:00:00
2463,2016-12-01,0.12,2016-12-01 00:00:00
2464,2016-12-02,0.03,2016-12-02 00:00:00
2465,2016-12-03,0.0,2016-12-03 00:00:00
2466,2016-12-04,0.03,2016-12-04 00:00:00
2467,2016-12-05,0.43,2016-12-05 00:00:00
2468,2016-12-06,0.02,2016-12-06 00:00:00
2469,2016-12-07,0.0,2016-12-07 00:00:00
2470,2016-12-08,0.03,2016-12-08 00:00:00
2471,2016-12-09,0.52,2016-12-09 00:00:00
2472,2016-12-10,0.05,2016-12-10 00:00:00
2473,2016-12-11,0.04,2016-12-11 00:00:00
2474,2016-12-12,0.01,2016-12-12 00:00:00
2475,2016-12-13,0.05,2016-12-13 00:00:00
2476,2016-12-14,0.03,2016-12-14 00:00:00
2477,2016-12-15,0.0,2016-12-15 00:00:00
2478,2016-12-16,0.0,2016-12-16 00:00:00
2479,2016-12-17,0.01,2016-12-17 00:00:00
2480,2016-12-18,0.13,2016-12-18 00:00:00
2481,2016-12-19,0.01,2016-12-19 00:00:00
2482,2016-12-20,0.0,2016-12-20 00:00:00
2483,2016-12-21,0.0,2016-12-21 00:00:00
2484,2016-12-22,0.01,2016-12-22 00:00:00
2485,2016-12-23,0.01,2016-12-23 00:00:00
2486,2016-12-24,0.01,2016-12-24 00:00:00
2487,2016-12-25,0.0,2016-12-25 00:00:00
2488,2016-12-26,0.02,2016-12-26 00:00:00
2489,2016-12-27,0.0,2016-12-27 00:00:00
2490,2016-12-28,0.02,2016-12-28 00:00:00
2491,2016-12-29,0.04,2016-12-29 00:00:00
2492,2016-12-30,0.12,2016-12-30 00:00:00
2493,2016-12-31,0.01,2016-12-31 00:00:00
2494,2017-01-01,0.0,2017-01-01 00:00:00
2495,2017-01-02,0.0,2017-01-02 00:00:00
2496,2017-01-03,0.0,2017-01-03 00:00:00
2497,2017-01-04,0.0,2017-01-04 00:00:00
2498,2017-01-05,0.0,2017-01-05 00:00:00
2499,2017-01-06,0.0,2017-01-06 00:00:00
2500,2017-01-07,0.0,2017-01-07 00:00:00
2501,2017-01-08,0.0,2017-01-08 00:00:00
2502,2017-01-09,0.0,2017-01-09 00:00:00
2503,2017-01-10,0.0,2017-01-10 00:00:00
2504,2017-01-11,0.0,2017-01-11 00:00:00
2505,2017-01-12,0.0,2017-01-12 00:00:00
2506,2017-01-13,0.0,2017-01-13 00:00:00
2507,2017-01-14,0.0,2017-01-14 00:00:00
2508,2017-01-15,0.0,2017-01-15 00:00:00
2509,2017-01-16,0.0,2017-01-16 00:00:00
2510,2017-01-17,0.0,2017-01-17 00:00:00
2511,2017-01-18,0.0,2017-01-18 00:00:00
2512,2017-01-19,0.0,2017-01-19 00:00:00
2513,2017-01-20,0.0,2017-01-20 00:00:00
2514,2017-01-21,0.0,2017-01-21 00:00:00
2515,2017-01-22,0.16,2017-01-22 00:00:00
2516,2017-01-23,0.0,2017-01-23 00:00:00
2517,2017-01-24,0.04,2017-01-24 00:00:00
2518,2017-01-25,0.03,2017-01-25 00:00:00
2519,2017-01-26,0.0,2017-01-26 00:00:00
2520,2017-01-27,0.0,2017-01-27 00:00:00
2521,2017-01-28,0.0,2017-01-28 00:00:00
2522,2017-01-29,0.18,2017-01-29 00:00:00
2523,2017-01-30,0.0,2017-01-30 00:00:00
2524,2017-01-31,0.0,2017-01-31 00:00:00
2525,2017-02-01,0.0,2017-02-01 00:00:00
2526,2017-02-02,0.0,2017-02-02 00:00:00
2527,2017-02-03,0.0,2017-02-03 00:00:00
2528,2017-02-04,0.0,2017-02-04 00:00:00
2529,2017-02-05,0.0,2017-02-05 00:00:00
2530,2017-02-06,0.0,2017-02-06 00:00:00
2531,2017-02-07,0.51,2017-02-07 00:00:00
2532,2017-02-08,0.0,2017-02-08 00:00:00
2533,2017-02-09,0.0,2017-02-09 00:00:00
2534,2017-02-10,0.0,2017-02-10 00:00:00
2535,2017-02-11,0.31,2017-02-11 00:00:00
2536,2017-02-12,2.62,2017-02-12 00:00:00
2537,2017-02-13,0.01,2017-02-13 00:00:00
2538,2017-02-14,0.0,2017-02-14 00:00:00
2539,2017-02-15,0.0,2017-02-15 00:00:00
2540,2017-02-16,0.07,2017-02-16 00:00:00
2541,2017-02-17,0.0,2017-02-17 00:00:00
2542,2017-02-18,0.0,2017-02-18 00:00:00
2543,2017-02-19,0.0,2017-02-19 00:00:00
2544,2017-02-20,0.0,2017-02-20 00:00:00
2545,2017-02-21,0.06,2017-02-21 00:00:00
2546,2017-02-22,0.06,2017-02-22 00:00:00
2547,2017-02-23,0.01,2017-02-23 00:00:00
2548,2017-02-24,0.0,2017-02-24 00:00:00
2549,2017-02-25,0.03,2017-02-25 00:00:00
2550,2017-02-26,0.0,2017-02-26 00:00:00
2551,2017-02-27,0.0,2017-02-27 00:00:00
2552,2017-02-28,0.0,2017-02-28 00:00:00
2553,2017-03-01,1.19,2017-03-01 00:00:00
2554,2017-03-02,0.73,2017-03-02 00:00:00
2555,2017-03-03,0.47,2017-03-03 00:00:00
2556,2017-03-04,0.0,2017-03-04 00:00:00
2557,2017-03-05,0.35,2017-03-05 00:00:00
2558,2017-03-06,0.0,2017-03-06 00:00:00
2559,2017-03-07,0.0,2017-03-07 00:00:00
2560,2017-03-08,0.0,2017-03-08 00:00:00
2561,2017-03-09,0.0,2017-03-09 00:00:00
2562,2017-03-10,0.0,2017-03-10 00:00:00
2563,2017-03-11,0.0,2017-03-11 00:00:00
2564,2017-03-12,0.0,2017-03-12 00:00:00
2565,2017-03-13,0.0,2017-03-13 00:00:00
2566,2017-03-14,0.0,2017-03-14 00:00:00
2567,2017-03-15,0.0,2017-03-15 00:00:00
2568,2017-03-16,0.0,2017-03-16 00:00:00
2569,2017-03-17,0.0,2017-03-17 00:00:00
2570,2017-03-18,0.0,2017-03-18 00:00:00
2571,2017-03-19,0.0,2017-03-19 00:00:00
2572,2017-03-20,0.0,2017-03-20 00:00:00
2573,2017-03-21,0.0,2017-03-21 00:00:00
2574,2017-03-22,0.0,2017-03-22 00:00:00
2575,2017-03-23,0.0,2017-03-23 00:00:00
2576,2017-03-24,0.02,2017-03-24 00:00:00
2577,2017-03-25,0.0,2017-03-25 00:00:00
2578,2017-03-26,0.0,2017-03-26 00:00:00
2579,2017-03-27,0.0,2017-03-27 00:00:00
2580,2017-03-28,0.0,2017-03-28 00:00:00
2581,2017-03-29,0.0,2017-03-29 00:00:00
2582,2017-03-30,0.0,2017-03-30 00:00:00
2583,2017-03-31,0.0,2017-03-31 00:00:00
2584,2017-04-01,0.0,2017-04-01 00:00:00
2585,2017-04-02,0.0,2017-04-02 00:00:00
2586,2017-04-03,0.0,2017-04-03 00:00:00
2587,2017-04-04,0.0,2017-04-04 00:00:00
2588,2017-04-05,0.0,2017-04-05 00:00:00
2589,2017-04-06,0.0,2017-04-06 00:00:00
2590,2017-04-07,0.0,2017-04-07 00:00:00
2591,2017-04-08,0.0,2017-04-08 00:00:00
2592,2017-04-09,0.0,2017-04-09 00:00:00
2593,2017-04-10,0.0,2017-04-10 00:00:00
2594,2017-04-11,0.0,2017-04-11 00:00:00
2595,2017-04-12,0.0,2017-04-12 00:00:00
2596,2017-04-13,0.0,2017-04-13 00:00:00
2597,2017-04-14,0.26,2017-04-14 00:00:00
2598,2017-04-15,0.01,2017-04-15 00:00:00
2599,2017-04-16,0.0,2017-04-16 00:00:00
2600,2017-04-17,0.02,2017-04-17 00:00:00
2601,2017-04-18,0.0,2017-04-18 00:00:00
2602,2017-04-19,0.02,2017-04-19 00:00:00
2603,2017-04-20,0.05,2017-04-20 00:00:00
2604,2017-04-21,0.23,2017-04-21 00:00:00
2605,2017-04-22,0.32,2017-04-22 00:00:00
2606,2017-04-23,0.03,2017-04-23 00:00:00
2607,2017-04-24,0.0,2017-04-24 00:00:00
2608,2017-04-25,0.0,2017-04-25 00:00:00
2609,2017-04-26,0.0,2017-04-26 00:00:00
2610,2017-04-27,0.0,2017-04-27 00:00:00
2611,2017-04-28,0.0,2017-04-28 00:00:00
2612,2017-04-29,0.12,2017-04-29 00:00:00
2613,2017-04-30,0.89,2017-04-30 00:00:00
2614,2017-05-01,0.26,2017-05-01 00:00:00
2615,2017-05-02,0.0,2017-05-02 00:00:00
2616,2017-05-03,0.0,2017-05-03 00:00:00
2617,2017-05-04,0.0,2017-05-04 00:00:00
2618,2017-05-05,0.0,2017-05-05 00:00:00
2619,2017-05-06,0.0,2017-05-06 00:00:00
2620,2017-05-07,0.0,2017-05-07 00:00:00
2621,2017-05-08,0.0,2017-05-08 00:00:00
2622,2017-05-10,0.0,2017-05-10 00:00:00
2623,2017-05-11,0.01,2017-05-11 00:00:00
2624,2017-05-12,0.0,2017-05-12 00:00:00
2625,2017-05-13,0.0,2017-05-13 00:00:00
2626,2017-05-14,0.0,2017-05-14 00:00:00
2627,2017-05-15,0.05,2017-05-15 00:00:00
2628,2017-05-16,0.01,2017-05-16 00:00:00
2629,2017-05-17,0.0,2017-05-17 00:00:00
2630,2017-05-18,0.01,2017-05-18 00:00:00
2631,2017-05-19,0.0,2017-05-19 00:00:00
2632,2017-05-20,0.0,2017-05-20 00:00:00
2633,2017-05-21,0.0,2017-05-21 00:00:00
2634,2017-05-22,0.0,2017-05-22 00:00:00
2635,2017-05-23,0.08,2017-05-23 00:00:00
2636,2017-05-24,0.13,2017-05-24 00:00:00
2637,2017-05-25,0.15,2017-05-25 00:00:00
2638,2017-05-27,0.01,2017-05-27 00:00:00
2639,2017-05-28,0.02,2017-05-28 00:00:00
2640,2017-05-29,0.0,2017-05-29 00:00:00
2641,2017-05-30,0.26,2017-05-30 00:00:00
2642,2017-05-31,0.02,2017-05-31 00:00:00
2643,2017-06-01,0.0,2017-06-01 00:00:00
2644,2017-06-02,0.0,2017-06-02 00:00:00
2645,2017-06-03,0.02,2017-06-03 00:00:00
2646,2017-06-04,0.0,2017-06-04 00:00:00
2647,2017-06-05,0.0,2017-06-05 00:00:00
2648,2017-06-06,0.0,2017-06-06 00:00:00
2649,2017-06-07,0.0,2017-06-07 00:00:00
2650,2017-06-08,0.0,2017-06-08 00:00:00
2651,2017-06-09,0.0,2017-06-09 00:00:00
2652,2017-06-10,0.04,2017-06-10 00:00:00
2653,2017-06-11,0.08,2017-06-11 00:00:00
2654,2017-06-12,0.02,2017-06-12 00:00:00
2655,2017-06-13,0.0,2017-06-13 00:00:00
2656,2017-06-14,0.0,2017-06-14 00:00:00
2657,2017-06-15,0.0,2017-06-15 00:00:00
2658,2017-06-16,0.0,2017-06-16 00:00:00
2659,2017-06-17,0.0,2017-06-17 00:00:00
2660,2017-06-18,0.05,2017-06-18 00:00:00
2661,2017-06-19,0.0,2017-06-19 00:00:00
2662,2017-06-20,0.02,2017-06-20 00:00:00
2663,2017-06-21,0.0,2017-06-21 00:00:00
2664,2017-06-22,0.0,2017-06-22 00:00:00
2665,2017-06-23,0.0,2017-06-23 00:00:00
2666,2017-06-24,0.06,2017-06-24 00:00:00
2667,2017-06-25,0.0,2017-06-25 00:00:00
2668,2017-06-26,0.0,2017-06-26 00:00:00
2669,2017-06-27,0.0,2017-06-27 00:00:00
2670,2017-06-28,0.0,2017-06-28 00:00:00
2671,2017-06-29,0.0,2017-06-29 00:00:00
2672,2017-06-30,0.08,2017-06-30 00:00:00
2673,2017-07-01,0.02,2017-07-01 00:00:00
2674,2017-07-02,0.02,2017-07-02 00:00:00
2675,2017-07-03,0.04,2017-07-03 00:00:00
2676,2017-07-04,0.04,2017-07-04 00:00:00
2677,2017-07-05,0.0,2017-07-05 00:00:00
2678,2017-07-06,0.0,2017-07-06 00:00:00
2679,2017-07-07,0.0,2017-07-07 00:00:00
2680,2017-07-08,0.0,2017-07-08 00:00:00
2681,2017-07-09,0.0,2017-07-09 00:00:00
2682,2017-07-10,0.0,2017-07-10 00:00:00
2683,2017-07-11,0.0,2017-07-11 00:00:00
2684,2017-07-12,0.0,2017-07-12 00:00:00
2685,2017-07-13,0.07,2017-07-13 00:00:00
2686,2017-07-14,0.02,2017-07-14 00:00:00
2687,2017-07-15,0.0,2017-07-15 00:00:00
2688,2017-07-16,0.02,2017-07-16 00:00:00
2689,2017-07-17,0.03,2017-07-17 00:00:00
2690,2017-07-18,0.05,2017-07-18 00:00:00
2691,2017-07-20,0.03,2017-07-20 00:00:00
2692,2017-07-21,0.0,2017-07-21 00:00:00
2693,2017-07-22,0.03,2017-07-22 00:00:00
2694,2017-07-23,0.0,2017-07-23 00:00:00
2695,2017-07-24,0.05,2017-07-24 00:00:00
2696,2017-07-25,0.0,2017-07-25 00:00:00
2697,2017-07-26,0.0,2017-07-26 00:00:00
2698,2017-07-27,0.0,2017-07-27 00:00:00
2699,2017-07-28,0.0,2017-07-28 00:00:00
2700,2017-07-29,0.0,2017-07-29 00:00:00
2701,2017-07-30,0.0,2017-07-30 00:00:00
2702,2017-07-31,0.0,2017-07-31 00:00:00
2703,2017-08-01,0.02,2017-08-01 00:00:00
2704,2017-08-02,0.0,2017-08-02 00:00:00
2705,2017-08-03,0.0,2017-08-03 00:00:00
2706,2017-08-04,0.02,2017-08-04 00:00:00
2707,2017-08-05,0.0,2017-08-05 00:00:00
2708,2017-08-06,0.0,2017-08-06 00:00:00
2709,2017-08-07,0.0,2017-08-07 00:00:00
2710,2017-08-08,0.0,2017-08-08 00:00:00
2711,2017-08-09,0.0,2017-08-09 00:00:00
2712,2017-08-10,0.0,2017-08-10 00:00:00
2713,2017-08-11,0.0,2017-08-11 00:00:00
2714,2017-08-12,0.0,2017-08-12 00:00:00
2715,2017-08-13,0.0,2017-08-13 00:00:00
2716,2017-08-14,0.0,2017-08-14 00:00:00
2717,2017-08-15,0.02,2017-08-15 00:00:00
2718,2017-08-18,0.0,2017-08-18 00:00:00
2719,2017-08-19,0.0,2017-08-19 00:00:00
2720,2017-08-20,0.0,2017-08-20 00:00:00
2721,2017-08-21,0.0,2017-08-21 00:00:00
2722,2017-08-22,0.0,2017-08-22 00:00:00
2723,2017-08-23,0.0,2017-08-23 00:00:00
5090,2016-08-23,0.15,2016-08-23 00:00:00
5091,2016-08-24,2.15,2016-08-24 00:00:00
5092,2016-08-25,0.08,2016-08-25 00:00:00
5093,2016-08-26,0.03,2016-08-26 00:00:00
5094,2016-08-27,0.18,2016-08-27 00:00:00
5095,2016-08-28,0.14,2016-08-28 00:00:00
5096,2016-08-29,0.17,2016-08-29 00:00:00
5097,2016-08-30,0.0,2016-08-30 00:00:00
5098,2016-08-31,0.1,2016-08-31 00:00:00
5099,2016-09-01,0.0,2016-09-01 00:00:00
5100,2016-09-02,0.02,2016-09-02 00:00:00
5101,2016-09-03,0.07,2016-09-03 00:00:00
5102,2016-09-04,0.03,2016-09-04 00:00:00
5103,2016-09-05,0.11,2016-09-05 00:00:00
5104,2016-09-06,0.05,2016-09-06 00:00:00
5105,2016-09-07,0.1,2016-09-07 00:00:00
5106,2016-09-08,0.22,2016-09-08 00:00:00
5107,2016-09-09,0.01,2016-09-09 00:00:00
5108,2016-09-10,0.01,2016-09-10 00:00:00
5109,2016-09-11,0.18,2016-09-11 00:00:00
5110,2016-09-12,0.04,2016-09-12 00:00:00
5111,2016-09-13,0.37,2016-09-13 00:00:00
5112,2016-09-14,0.9,2016-09-14 00:00:00
5113,2016-09-15,0.12,2016-09-15 00:00:00
5114,2016-09-16,0.01,2016-09-16 00:00:00
5115,2016-09-17,0.04,2016-09-17 00:00:00
5116,2016-09-18,0.0,2016-09-18 00:00:00
5117,2016-09-19,0.01,2016-09-19 00:00:00
5118,2016-09-20,0.09,2016-09-20 00:00:00
5119,2016-09-21,0.06,2016-09-21 00:00:00
5120,2016-09-22,0.09,2016-09-22 00:00:00
5121,2016-09-23,0.15,2016-09-23 00:00:00
5122,2016-09-24,0.0,2016-09-24 00:00:00
5123,2016-09-25,0.02,2016-09-25 00:00:00
5124,2016-09-26,0.06,2016-09-26 00:00:00
5125,2016-09-27,0.12,2016-09-27 00:00:00
5126,2016-09-28,0.08,2016-09-28 00:00:00
5127,2016-09-29,0.49,2016-09-29 00:00:00
5128,2016-09-30,0.31,2016-09-30 00:00:00
5129,2016-10-01,0.14,2016-10-01 00:00:00
5130,2016-10-02,0.02,2016-10-02 00:00:00
5131,2016-10-03,0.04,2016-10-03 00:00:00
5132,2016-10-04,0.0,2016-10-04 00:00:00
5133,2016-10-05,0.0,2016-10-05 00:00:00
5134,2016-10-06,0.05,2016-10-06 00:00:00
5135,2016-10-07,0.0,2016-10-07 00:00:00
5136,2016-10-08,0.0,2016-10-08 00:00:00
5137,2016-10-09,0.0,2016-10-09 00:00:00
5138,2016-10-10,0.0,2016-10-10 00:00:00
5139,2016-10-11,0.02,2016-10-11 00:00:00
5140,2016-10-12,0.03,2016-10-12 00:00:00
5141,2016-10-13,0.0,2016-10-13 00:00:00
5142,2016-10-14,0.0,2016-10-14 00:00:00
5143,2016-10-15,0.0,2016-10-15 00:00:00
5144,2016-10-16,0.0,2016-10-16 00:00:00
5145,2016-10-17,0.03,2016-10-17 00:00:00
5146,2016-10-18,0.05,2016-10-18 00:00:00
5147,2016-10-19,0.06,2016-10-19 00:00:00
5148,2016-10-20,0.0,2016-10-20 00:00:00
5149,2016-10-21,0.15,2016-10-21 00:00:00
5150,2016-10-22,0.1,2016-10-22 00:00:00
5151,2016-10-23,0.01,2016-10-23 00:00:00
5152,2016-10-24,0.0,2016-10-24 00:00:00
5153,2016-10-25,0.04,2016-10-25 00:00:00
5154,2016-10-26,0.06,2016-10-26 00:00:00
5155,2016-10-27,0.11,2016-10-27 00:00:00
5156,2016-10-28,0.02,2016-10-28 00:00:00
5157,2016-10-29,0.02,2016-10-29 00:00:00
5158,2016-10-30,0.1,2016-10-30 00:00:00
5159,2016-10-31,0.03,2016-10-31 00:00:00
5160,2016-11-01,0.01,2016-11-01 00:00:00
5161,2016-11-02,0.0,2016-11-02 00:00:00
5162,2016-11-03,0.0,2016-11-03 00:00:00
5163,2016-11-04,0.0,2016-11-04 00:00:00
5164,2016-11-05,0.02,2016-11-05 00:00:00
5165,2016-11-06,0.02,2016-11-06 00:00:00
5166,2016-11-07,0.0,2016-11-07 00:00:00
5167,2016-11-08,0.14,2016-11-08 00:00:00
5168,2016-11-09,0.08,2016-11-09 00:00:00
5169,2016-11-10,0.0,2016-11-10 00:00:00
5170,2016-11-11,0.0,2016-11-11 00:00:00
5171,2016-11-12,0.0,2016-11-12 00:00:00
5172,2016-11-13,0.0,2016-11-13 00:00:00
5173,2016-11-14,0.06,2016-11-14 00:00:00
5174,2016-11-15,0.0,2016-11-15 00:00:00
5175,2016-11-16,0.14,2016-11-16 00:00:00
5176,2016-11-17,0.03,2016-11-17 00:00:00
5177,2016-11-18,0.01,2016-11-18 00:00:00
5178,2016-11-19,0.11,2016-11-19 00:00:00
5179,2016-11-20,0.11,2016-11-20 00:00:00
5180,2016-11-21,0.02,2016-11-21 00:00:00
5181,2016-11-22,0.41,2016-11-22 00:00:00
5182,2016-11-23,0.03,2016-11-23 00:00:00
5183,2016-11-24,0.2,2016-11-24 00:00:00
5184,2016-11-25,0.05,2016-11-25 00:00:00
5185,2016-11-26,0.05,2016-11-26 00:00:00
5186,2016-11-27,0.06,2016-11-27 00:00:00
5187,2016-11-28,0.02,2016-11-28 00:00:00
5188,2016-11-29,0.04,2016-11-29 00:00:00
5189,2016-11-30,0.05,2016-11-30 00:00:00
5190,2016-12-01,0.33,2016-12-01 00:00:00
5191,2016-12-02,0.3,2016-12-02 00:00:00
5192,2016-12-03,0.04,2016-12-03 00:00:00
5193,2016-12-04,0.1,2016-12-04 00:00:00
5194,2016-12-05,0.34,2016-12-05 00:00:00
5195,2016-12-06,0.02,2016-12-06 00:00:00
5196,2016-12-07,0.17,2016-12-07 00:00:00
5197,2016-12-08,0.03,2016-12-08 00:00:00
5198,2016-12-09,0.34,2016-12-09 00:00:00
5199,2016-12-10,0.02,2016-12-10 00:00:00
5200,2016-12-11,0.02,2016-12-11 00:00:00
5201,2016-12-12,0.01,2016-12-12 00:00:00
5202,2016-12-13,0.1,2016-12-13 00:00:00
5203,2016-12-14,0.05,2016-12-14 00:00:00
5204,2016-12-15,0.02,2016-12-15 00:00:00
5205,2016-12-16,0.01,2016-12-16 00:00:00
5206,2016-12-17,0.11,2016-12-17 00:00:00
5207,2016-12-18,0.29,2016-12-18 00:00:00
5208,2016-12-19,0.21,2016-12-19 00:00:00
5209,2016-12-20,0.02,2016-12-20 00:00:00
5210,2016-12-21,0.03,2016-12-21 00:00:00
5211,2016-12-22,0.17,2016-12-22 00:00:00
5212,2016-12-23,0.1,2016-12-23 00:00:00
5213,2016-12-24,0.14,2016-12-24 00:00:00
5214,2016-12-25,0.03,2016-12-25 00:00:00
5215,2016-12-26,0.26,2016-12-26 00:00:00
5216,2016-12-27,0.03,2016-12-27 00:00:00
5217,2016-12-28,0.09,2016-12-28 00:00:00
5218,2016-12-29,0.18,2016-12-29 00:00:00
5219,2016-12-30,0.21,2016-12-30 00:00:00
5220,2016-12-31,0.62,2016-12-31 00:00:00
5221,2017-01-01,0.29,2017-01-01 00:00:00
5222,2017-01-02,0.0,2017-01-02 00:00:00
5223,2017-01-03,0.0,2017-01-03 00:00:00
5224,2017-01-04,0.0,2017-01-04 00:00:00
5225,2017-01-05,0.0,2017-01-05 00:00:00
5226,2017-01-06,0.0,2017-01-06 00:00:00
5227,2017-01-07,0.06,2017-01-07 00:00:00
5228,2017-01-08,0.0,2017-01-08 00:00:00
5229,2017-01-09,0.0,2017-01-09 00:00:00
5230,2017-01-10,0.0,2017-01-10 00:00:00
5231,2017-01-11,0.0,2017-01-11 00:00:00
5232,2017-01-12,0.0,2017-01-12 00:00:00
5233,2017-01-13,0.0,2017-01-13 00:00:00
5234,2017-01-14,0.0,2017-01-14 00:00:00
5235,2017-01-15,0.0,2017-01-15 00:00:00
5236,2017-01-16,0.0,2017-01-16 00:00:00
5237,2017-01-17,0.0,2017-01-17 00:00:00
5238,2017-01-18,0.0,2017-01-18 00:00:00
5239,2017-01-19,0.0,2017-01-19 00:00:00
5240,2017-01-20,0.0,2017-01-20 00:00:00
5241,2017-01-21,0.04,2017-01-21 00:00:00
5242,2017-01-22,0.01,2017-01-22 00:00:00
5243,2017-01-23,0.08,2017-01-23 00:00:00
5244,2017-01-24,0.15,2017-01-24 00:00:00
5245,2017-01-25,0.12,2017-01-25 00:00:00
5246,2017-01-26,0.0,2017-01-26 00:00:00
5247,2017-01-27,0.0,2017-01-27 00:00:00
5248,2017-01-28,0.14,2017-01-28 00:00:00
5249,2017-01-29,0.0,2017-01-29 00:00:00
5250,2017-01-30,0.0,2017-01-30 00:00:00
5251,2017-01-31,0.0,2017-01-31 00:00:00
5252,2017-02-01,0.0,2017-02-01 00:00:00
5253,2017-02-02,0.0,2017-02-02 00:00:00
5254,2017-02-03,0.0,2017-02-03 00:00:00
5255,2017-02-04,0.0,2017-02-04 00:00:00
5256,2017-02-05,0.0,2017-02-05 00:00:00
5257,2017-02-06,0.16,2017-02-06 00:00:00
5258,2017-02-07,1.08,2017-02-07 00:00:00
5259,2017-02-08,1.08,2017-02-08 00:00:00
5260,2017-02-09,0.02,2017-02-09 00:00:00
5261,2017-02-10,0.0,2017-02-10 00:00:00
5262,2017-02-11,1.0,2017-02-11 00:00:00
5263,2017-02-12,1.07,2017-02-12 00:00:00
5264,2017-02-13,2.9,2017-02-13 00:00:00
5265,2017-02-14,0.0,2017-02-14 00:00:00
5266,2017-02-15,0.0,2017-02-15 00:00:00
5267,2017-02-16,0.0,2017-02-16 00:00:00
5268,2017-02-17,0.8,2017-02-17 00:00:00
5269,2017-02-18,0.0,2017-02-18 00:00:00
5270,2017-02-19,0.0,2017-02-19 00:00:00
5271,2017-02-20,0.0,2017-02-20 00:00:00
5272,2017-02-21,0.0,2017-02-21 00:00:00
5273,2017-02-22,0.06,2017-02-22 00:00:00
5274,2017-02-23,0.0,2017-02-23 00:00:00
5275,2017-02-24,0.0,2017-02-24 00:00:00
5276,2017-02-25,0.0,2017-02-25 00:00:00
5277,2017-02-26,0.0,2017-02-26 00:00:00
5278,2017-02-27,0.0,2017-02-27 00:00:00
5279,2017-02-28,0.16,2017-02-28 00:00:00
5280,2017-03-01,2.2,2017-03-01 00:00:00
5281,2017-03-02,1.45,2017-03-02 00:00:00
5282,2017-03-03,0.54,2017-03-03 00:00:00
5283,2017-03-04,0.0,2017-03-04 00:00:00
5284,2017-03-05,0.1,2017-03-05 00:00:00
5285,2017-03-06,0.51,2017-03-06 00:00:00
5286,2017-03-07,0.0,2017-03-07 00:00:00
5287,2017-03-08,0.0,2017-03-08 00:00:00
5288,2017-03-09,0.8,2017-03-09 00:00:00
5289,2017-03-10,0.13,2017-03-10 00:00:00
5290,2017-03-11,0.03,2017-03-11 00:00:00
5291,2017-03-12,0.0,2017-03-12 00:00:00
5292,2017-03-13,0.0,2017-03-13 00:00:00
5293,2017-03-14,0.0,2017-03-14 00:00:00
5294,2017-03-15,0.0,2017-03-15 00:00:00
5295,2017-03-16,0.0,2017-03-16 00:00:00
5296,2017-03-17,0.19,2017-03-17 00:00:00
5297,2017-03-18,0.0,2017-03-18 00:00:00
5298,2017-03-19,0.0,2017-03-19 00:00:00
5299,2017-03-20,0.0,2017-03-20 00:00:00
5300,2017-03-21,0.0,2017-03-21 00:00:00
5301,2017-03-22,0.0,2017-03-22 00:00:00
5302,2017-03-23,0.0,2017-03-23 00:00:00
5303,2017-03-24,0.6,2017-03-24 00:00:00
5304,2017-03-25,0.13,2017-03-25 00:00:00
5305,2017-03-26,0.0,2017-03-26 00:00:00
5306,2017-03-27,0.0,2017-03-27 00:00:00
5307,2017-03-28,0.03,2017-03-28 00:00:00
5308,2017-03-29,0.0,2017-03-29 00:00:00
5309,2017-03-30,0.08,2017-03-30 00:00:00
5310,2017-03-31,0.0,2017-03-31 00:00:00
5311,2017-04-01,0.0,2017-04-01 00:00:00
5312,2017-04-02,0.0,2017-04-02 00:00:00
5313,2017-04-03,0.08,2017-04-03 00:00:00
5314,2017-04-04,0.04,2017-04-04 00:00:00
5315,2017-04-05,0.04,2017-04-05 00:00:00
5316,2017-04-06,0.0,2017-04-06 00:00:00
5317,2017-04-07,0.0,2017-04-07 00:00:00
5318,2017-04-08,0.0,2017-04-08 00:00:00
5319,2017-04-09,0.0,2017-04-09 00:00:00
5320,2017-04-10,0.01,2017-04-10 00:00:00
5321,2017-04-11,0.03,2017-04-11 00:00:00
5322,2017-04-12,0.03,2017-04-12 00:00:00
5323,2017-04-13,0.27,2017-04-13 00:00:00
5324,2017-04-14,0.69,2017-04-14 00:00:00
5325,2017-04-15,0.45,2017-04-15 00:00:00
5326,2017-04-16,0.49,2017-04-16 00:00:00
5327,2017-04-17,0.41,2017-04-17 00:00:00
5328,2017-04-18,0.08,2017-04-18 00:00:00
5329,2017-04-19,0.02,2017-04-19 00:00:00
5330,2017-04-20,0.33,2017-04-20 00:00:00
5331,2017-04-21,1.16,2017-04-21 00:00:00
5332,2017-04-22,1.01,2017-04-22 00:00:00
5333,2017-04-23,0.02,2017-04-23 00:00:00
5334,2017-04-24,0.0,2017-04-24 00:00:00
5335,2017-04-25,0.0,2017-04-25 00:00:00
5336,2017-04-26,0.0,2017-04-26 00:00:00
5337,2017-04-27,0.1,2017-04-27 00:00:00
5338,2017-04-28,2.6,2017-04-28 00:00:00
5339,2017-04-29,0.35,2017-04-29 00:00:00
5340,2017-04-30,1.21,2017-04-30 00:00:00
5341,2017-05-01,0.07,2017-05-01 00:00:00
5342,2017-05-02,0.03,2017-05-02 00:00:00
5343,2017-05-03,0.01,2017-05-03 00:00:00
5344,2017-05-04,0.0,2017-05-04 00:00:00
5345,2017-05-05,0.0,2017-05-05 00:00:00
5346,2017-05-06,0.0,2017-05-06 00:00:00
5347,2017-05-07,0.07,2017-05-07 00:00:00
5348,2017-05-08,0.22,2017-05-08 00:00:00
5349,2017-05-09,1.62,2017-05-09 00:00:00
5350,2017-05-10,0.05,2017-05-10 00:00:00
5351,2017-05-11,0.03,2017-05-11 00:00:00
5352,2017-05-12,0.04,2017-05-12 00:00:00
5353,2017-05-13,0.02,2017-05-13 00:00:00
5354,2017-05-14,0.05,2017-05-14 00:00:00
5355,2017-05-15,0.08,2017-05-15 00:00:00
5356,2017-05-16,0.03,2017-05-16 00:00:00
5357,2017-05-17,0.02,2017-05-17 00:00:00
5358,2017-05-18,0.09,2017-05-18 00:00:00
5359,2017-05-19,0.02,2017-05-19 00:00:00
5360,2017-05-20,0.0,2017-05-20 00:00:00
5361,2017-05-21,0.0,2017-05-21 00:00:00
5362,2017-05-22,0.0,2017-05-22 00:00:00
5363,2017-05-23,0.02,2017-05-23 00:00:00
5364,2017-05-24,0.58,2017-05-24 00:00:00
5365,2017-05-25,0.37,2017-05-25 00:00:00
5366,2017-05-26,0.02,2017-05-26 00:00:00
5367,2017-05-27,0.0,2017-05-27 00:00:00
5368,2017-05-28,0.29,2017-05-28 00:00:00
5369,2017-05-29,0.02,2017-05-29 00:00:00
5370,2017-05-30,0.2,2017-05-30 00:00:00
5371,2017-05-31,0.1,2017-05-31 00:00:00
5372,2017-06-01,0.03,2017-06-01 00:00:00
5373,2017-06-02,0.1,2017-06-02 00:00:00
5374,2017-06-03,0.2,2017-06-03 00:00:00
5375,2017-06-04,0.15,2017-06-04 00:00:00
5376,2017-06-05,0.0,2017-06-05 00:00:00
5377,2017-06-06,0.0,2017-06-06 00:00:00
5378,2017-06-07,0.0,2017-06-07 00:00:00
5379,2017-06-08,0.02,2017-06-08 00:00:00
5380,2017-06-09,0.02,2017-06-09 00:00:00
5381,2017-06-10,0.21,2017-06-10 00:00:00
5382,2017-06-11,0.24,2017-06-11 00:00:00
5383,2017-06-12,0.19,2017-06-12 00:00:00
5384,2017-06-13,0.36,2017-06-13 00:00:00
5385,2017-06-14,0.27,2017-06-14 00:00:00
5386,2017-06-15,0.17,2017-06-15 00:00:00
5387,2017-06-16,0.02,2017-06-16 00:00:00
5388,2017-06-17,0.35,2017-06-17 00:00:00
5389,2017-06-18,0.25,2017-06-18 00:00:00
5390,2017-06-19,0.05,2017-06-19 00:00:00
5391,2017-06-20,0.05,2017-06-20 00:00:00
5392,2017-06-21,0.02,2017-06-21 00:00:00
5393,2017-06-22,0.1,2017-06-22 00:00:00
5394,2017-06-23,0.0,2017-06-23 00:00:00
5395,2017-06-24,0.0,2017-06-24 00:00:00
5396,2017-06-25,0.08,2017-06-25 00:00:00
5397,2017-06-26,0.02,2017-06-26 00:00:00
5398,2017-06-27,0.0,2017-06-27 00:00:00
5399,2017-06-28,0.01,2017-06-28 00:00:00
5400,2017-06-29,0.03,2017-06-29 00:00:00
5401,2017-06-30,0.04,2017-06-30 00:00:00
5402,2017-07-01,0.06,2017-07-01 00:00:00
5403,2017-07-02,0.05,2017-07-02 00:00:00
5404,2017-07-03,0.13,2017-07-03 00:00:00
5405,2017-07-04,0.03,2017-07-04 00:00:00
5406,2017-07-05,0.0,2017-07-05 00:00:00
5407,2017-07-06,0.0,2017-07-06 00:00:00
5408,2017-07-07,0.02,2017-07-07 00:00:00
5409,2017-07-08,0.02,2017-07-08 00:00:00
5410,2017-07-09,0.09,2017-07-09 00:00:00
5411,2017-07-10,0.0,2017-07-10 00:00:00
5412,2017-07-11,0.01,2017-07-11 00:00:00
5413,2017-07-12,0.01,2017-07-12 00:00:00
5414,2017-07-13,0.33,2017-07-13 00:00:00
5415,2017-07-14,0.05,2017-07-14 00:00:00
5416,2017-07-15,0.03,2017-07-15 00:00:00
5417,2017-07-16,0.07,2017-07-16 00:00:00
5418,2017-07-17,0.12,2017-07-17 00:00:00
5419,2017-07-18,0.03,2017-07-18 00:00:00
5420,2017-07-19,0.0,2017-07-19 00:00:00
5421,2017-07-20,0.12,2017-07-20 00:00:00
5422,2017-07-21,0.0,2017-07-21 00:00:00
5423,2017-07-22,0.07,2017-07-22 00:00:00
5424,2017-07-23,0.06,2017-07-23 00:00:00
5425,2017-07-24,0.58,2017-07-24 00:00:00
5426,2017-07-25,0.03,2017-07-25 00:00:00
5427,2017-07-26,0.06,2017-07-26 00:00:00
5428,2017-07-27,0.0,2017-07-27 00:00:00
5429,2017-07-28,0.13,2017-07-28 00:00:00
5430,2017-07-29,0.06,2017-07-29 00:00:00
5431,2017-07-30,0.0,2017-07-30 00:00:00
5432,2017-07-31,0.0,2017-07-31 00:00:00
7330,2016-08-23,0.05,2016-08-23 00:00:00
7331,2016-08-24,2.28,2016-08-24 00:00:00
7332,2016-08-25,0.0,2016-08-25 00:00:00
7333,2016-08-26,0.02,2016-08-26 00:00:00
7334,2016-08-27,0.02,2016-08-27 00:00:00
7335,2016-08-28,0.14,2016-08-28 00:00:00
7336,2016-08-29,0.04,2016-08-29 00:00:00
7337,2016-08-31,0.11,2016-08-31 00:00:00
7338,2016-09-01,0.0,2016-09-01 00:00:00
7339,2016-09-02,0.19,2016-09-02 00:00:00
7340,2016-09-05,0.1,2016-09-05 00:00:00
7341,2016-09-06,0.04,2016-09-06 00:00:00
7342,2016-09-07,0.23,2016-09-07 00:00:00
7343,2016-09-08,0.01,2016-09-08 00:00:00
7344,2016-09-09,0.29,2016-09-09 00:00:00
7345,2016-09-12,0.1,2016-09-12 00:00:00
7346,2016-09-13,0.32,2016-09-13 00:00:00
7347,2016-09-14,1.84,2016-09-14 00:00:00
7348,2016-09-15,0.07,2016-09-15 00:00:00
7349,2016-09-16,0.07,2016-09-16 00:00:00
7350,2016-09-19,0.1,2016-09-19 00:00:00
7351,2016-09-20,0.25,2016-09-20 00:00:00
7352,2016-09-21,0.02,2016-09-21 00:00:00
7353,2016-09-22,0.17,2016-09-22 00:00:00
7354,2016-09-23,0.15,2016-09-23 00:00:00
7355,2016-09-24,0.0,2016-09-24 00:00:00
7356,2016-09-25,0.0,2016-09-25 00:00:00
7357,2016-09-26,0.02,2016-09-26 00:00:00
7358,2016-09-27,0.0,2016-09-27 00:00:00
7359,2016-09-28,0.0,2016-09-28 00:00:00
7360,2016-09-29,0.2,2016-09-29 00:00:00
7361,2016-09-30,0.06,2016-09-30 00:00:00
7362,2016-10-01,0.08,2016-10-01 00:00:00
7363,2016-10-02,0.03,2016-10-02 00:00:00
7364,2016-10-03,0.03,2016-10-03 00:00:00
7365,2016-10-04,0.0,2016-10-04 00:00:00
7366,2016-10-05,0.0,2016-10-05 00:00:00
7367,2016-10-06,0.0,2016-10-06 00:00:00
7368,2016-10-07,0.0,2016-10-07 00:00:00
7369,2016-10-10,0.15,2016-10-10 00:00:00
7370,2016-10-11,0.04,2016-10-11 00:00:00
7371,2016-10-12,0.0,2016-10-12 00:00:00
7372,2016-10-13,0.02,2016-10-13 00:00:00
7373,2016-10-14,0.0,2016-10-14 00:00:00
7374,2016-10-15,0.02,2016-10-15 00:00:00
7375,2016-10-17,0.15,2016-10-17 00:00:00
7376,2016-10-18,0.03,2016-10-18 00:00:00
7377,2016-10-19,0.0,2016-10-19 00:00:00
7378,2016-10-20,0.01,2016-10-20 00:00:00
7379,2016-10-21,0.03,2016-10-21 00:00:00
7380,2016-10-23,0.15,2016-10-23 00:00:00
7381,2016-10-24,0.01,2016-10-24 00:00:00
7382,2016-10-25,0.0,2016-10-25 00:00:00
7383,2016-10-27,0.2,2016-10-27 00:00:00
7384,2016-10-28,0.07,2016-10-28 00:00:00
7385,2016-10-29,0.26,2016-10-29 00:00:00
7386,2016-10-30,0.14,2016-10-30 00:00:00
7387,2016-10-31,0.0,2016-10-31 00:00:00
7388,2016-11-01,0.0,2016-11-01 00:00:00
7389,2016-11-02,0.0,2016-11-02 00:00:00
7390,2016-11-03,0.0,2016-11-03 00:00:00
7391,2016-11-04,0.0,2016-11-04 00:00:00
7392,2016-11-05,0.0,2016-11-05 00:00:00
7393,2016-11-06,0.0,2016-11-06 00:00:00
7394,2016-11-07,0.13,2016-11-07 00:00:00
7395,2016-11-08,0.02,2016-11-08 00:00:00
7396,2016-11-09,0.17,2016-11-09 00:00:00
7397,2016-11-10,0.0,2016-11-10 00:00:00
7398,2016-11-11,0.0,2016-11-11 00:00:00
7399,2016-11-12,0.0,2016-11-12 00:00:00
7400,2016-11-13,0.0,2016-11-13 00:00:00
7401,2016-11-14,0.05,2016-11-14 00:00:00
7402,2016-11-15,0.0,2016-11-15 00:00:00
7403,2016-11-16,0.18,2016-11-16 00:00:00
7404,2016-11-17,0.0,2016-11-17 00:00:00
7405,2016-11-22,0.14,2016-11-22 00:00:00
7406,2016-11-25,0.14,2016-11-25 00:00:00
7407,2016-11-26,0.02,2016-11-26 00:00:00
7408,2016-11-27,0.03,2016-11-27 00:00:00
7409,2016-11-28,0.0,2016-11-28 00:00:00
7410,2016-11-29,0.04,2016-11-29 00:00:00
7411,2016-11-30,0.03,2016-11-30 00:00:00
7412,2016-12-01,0.07,2016-12-01 00:00:00
7413,2016-12-02,0.4,2016-12-02 00:00:00
7414,2016-12-03,0.26,2016-12-03 00:00:00
7415,2016-12-04,0.0,2016-12-04 00:00:00
7416,2016-12-05,0.2,2016-12-05 00:00:00
7417,2016-12-07,0.15,2016-12-07 00:00:00
7418,2016-12-08,0.02,2016-12-08 00:00:00
7419,2016-12-09,0.26,2016-12-09 00:00:00
7420,2016-12-10,0.0,2016-12-10 00:00:00
7421,2016-12-12,0.15,2016-12-12 00:00:00
7422,2016-12-13,0.34,2016-12-13 00:00:00
7423,2016-12-14,0.12,2016-12-14 00:00:00
7424,2016-12-15,0.07,2016-12-15 00:00:00
7425,2016-12-16,0.0,2016-12-16 00:00:00
7426,2016-12-17,0.0,2016-12-17 00:00:00
7427,2016-12-18,0.04,2016-12-18 00:00:00
7428,2016-12-19,0.0,2016-12-19 00:00:00
7429,2016-12-20,0.0,2016-12-20 00:00:00
7430,2016-12-21,0.09,2016-12-21 00:00:00
7431,2016-12-22,0.05,2016-12-22 00:00:00
7432,2016-12-23,0.03,2016-12-23 00:00:00
7433,2016-12-24,0.13,2016-12-24 00:00:00
7434,2016-12-26,0.15,2016-12-26 00:00:00
7435,2016-12-27,0.02,2016-12-27 00:00:00
7436,2016-12-28,0.01,2016-12-28 00:00:00
7437,2016-12-29,0.56,2016-12-29 00:00:00
7438,2016-12-30,0.29,2016-12-30 00:00:00
7439,2016-12-31,0.36,2016-12-31 00:00:00
7440,2017-01-01,0.0,2017-01-01 00:00:00
7441,2017-01-02,0.01,2017-01-02 00:00:00
7442,2017-01-03,0.0,2017-01-03 00:00:00
7443,2017-01-04,0.0,2017-01-04 00:00:00
7444,2017-01-05,0.0,2017-01-05 00:00:00
7445,2017-01-06,0.59,2017-01-06 00:00:00
7446,2017-01-07,0.0,2017-01-07 00:00:00
7447,2017-01-08,0.03,2017-01-08 00:00:00
7448,2017-01-09,0.0,2017-01-09 00:00:00
7449,2017-01-10,0.0,2017-01-10 00:00:00
7450,2017-01-11,0.0,2017-01-11 00:00:00
7451,2017-01-13,0.1,2017-01-13 00:00:00
7452,2017-01-14,0.0,2017-01-14 00:00:00
7453,2017-01-16,0.1,2017-01-16 00:00:00
7454,2017-01-17,0.0,2017-01-17 00:00:00
7455,2017-01-18,0.0,2017-01-18 00:00:00
7456,2017-01-19,0.0,2017-01-19 00:00:00
7457,2017-01-20,0.0,2017-01-20 00:00:00
7458,2017-01-21,0.02,2017-01-21 00:00:00
7459,2017-01-23,0.1,2017-01-23 00:00:00
7460,2017-01-25,0.1,2017-01-25 00:00:00
7461,2017-01-26,0.01,2017-01-26 00:00:00
7462,2017-01-27,0.0,2017-01-27 00:00:00
7463,2017-01-28,0.0,2017-01-28 00:00:00
7464,2017-01-30,0.1,2017-01-30 00:00:00
7465,2017-01-31,0.0,2017-01-31 00:00:00
7466,2017-02-01,0.0,2017-02-01 00:00:00
7467,2017-02-02,0.0,2017-02-02 00:00:00
7468,2017-02-03,0.0,2017-02-03 00:00:00
7469,2017-02-05,0.15,2017-02-05 00:00:00
7470,2017-02-06,0.04,2017-02-06 00:00:00
7471,2017-02-07,0.9,2017-02-07 00:00:00
7472,2017-02-08,0.0,2017-02-08 00:00:00
7473,2017-02-09,0.0,2017-02-09 00:00:00
7474,2017-02-10,0.0,2017-02-10 00:00:00
7475,2017-02-11,2.39,2017-02-11 00:00:00
7476,2017-02-12,1.91,2017-02-12 00:00:00
7477,2017-02-13,0.0,2017-02-13 00:00:00
7478,2017-02-14,0.0,2017-02-14 00:00:00
7479,2017-02-15,0.0,2017-02-15 00:00:00
7480,2017-02-16,0.62,2017-02-16 00:00:00
7481,2017-02-17,0.06,2017-02-17 00:00:00
7482,2017-02-20,0.15,2017-02-20 00:00:00
7483,2017-02-21,0.0,2017-02-21 00:00:00
7484,2017-02-22,0.11,2017-02-22 00:00:00
7485,2017-02-23,0.0,2017-02-23 00:00:00
7486,2017-02-24,0.0,2017-02-24 00:00:00
7487,2017-02-26,0.15,2017-02-26 00:00:00
7488,2017-02-27,0.0,2017-02-27 00:00:00
7489,2017-02-28,0.04,2017-02-28 00:00:00
7490,2017-03-01,1.12,2017-03-01 00:00:00
7491,2017-03-03,0.12,2017-03-03 00:00:00
7492,2017-03-06,0.12,2017-03-06 00:00:00
7493,2017-03-07,0.0,2017-03-07 00:00:00
7494,2017-03-08,0.0,2017-03-08 00:00:00
7495,2017-03-09,0.5,2017-03-09 00:00:00
7496,2017-03-10,0.13,2017-03-10 00:00:00
7497,2017-03-12,0.12,2017-03-12 00:00:00
7498,2017-03-13,0.0,2017-03-13 00:00:00
7499,2017-03-14,0.0,2017-03-14 00:00:00
7500,2017-03-16,0.12,2017-03-16 00:00:00
7501,2017-03-17,0.06,2017-03-17 00:00:00
7502,2017-03-18,0.0,2017-03-18 00:00:00
7503,2017-03-20,0.12,2017-03-20 00:00:00
7504,2017-03-21,0.0,2017-03-21 00:00:00
7505,2017-03-22,0.0,2017-03-22 00:00:00
7506,2017-03-23,0.0,2017-03-23 00:00:00
7507,2017-03-24,0.15,2017-03-24 00:00:00
7508,2017-03-27,0.12,2017-03-27 00:00:00
7509,2017-03-28,0.0,2017-03-28 00:00:00
7510,2017-03-29,0.03,2017-03-29 00:00:00
7511,2017-03-30,0.03,2017-03-30 00:00:00
7512,2017-03-31,0.0,2017-03-31 00:00:00
7513,2017-04-01,0.0,2017-04-01 00:00:00
7514,2017-04-02,0.0,2017-04-02 00:00:00
7515,2017-04-03,0.09,2017-04-03 00:00:00
7516,2017-04-04,0.0,2017-04-04 00:00:00
7517,2017-04-05,0.07,2017-04-05 00:00:00
7518,2017-04-06,0.0,2017-04-06 00:00:00
7519,2017-04-07,0.0,2017-04-07 00:00:00
7520,2017-04-09,0.09,2017-04-09 00:00:00
7521,2017-04-10,0.0,2017-04-10 00:00:00
7522,2017-04-11,0.16,2017-04-11 00:00:00
7523,2017-04-12,0.29,2017-04-12 00:00:00
7524,2017-04-13,0.0,2017-04-13 00:00:00
7525,2017-04-14,0.29,2017-04-14 00:00:00
7526,2017-04-17,0.09,2017-04-17 00:00:00
7527,2017-04-18,0.12,2017-04-18 00:00:00
7528,2017-04-19,0.0,2017-04-19 00:00:00
7529,2017-04-20,0.0,2017-04-20 00:00:00
7530,2017-04-21,1.05,2017-04-21 00:00:00
7531,2017-04-22,0.7,2017-04-22 00:00:00
7532,2017-04-24,0.09,2017-04-24 00:00:00
7533,2017-04-25,0.0,2017-04-25 00:00:00
7534,2017-04-26,0.14,2017-04-26 00:00:00
7535,2017-04-27,0.02,2017-04-27 00:00:00
7536,2017-04-28,0.09,2017-04-28 00:00:00
7537,2017-04-29,0.95,2017-04-29 00:00:00
7538,2017-04-30,1.17,2017-04-30 00:00:00
7539,2017-05-01,0.03,2017-05-01 00:00:00
7540,2017-05-02,0.01,2017-05-02 00:00:00
7541,2017-05-03,0.01,2017-05-03 00:00:00
7542,2017-05-04,0.08,2017-05-04 00:00:00
7543,2017-05-05,0.28,2017-05-05 00:00:00
7544,2017-05-06,0.06,2017-05-06 00:00:00
7545,2017-05-08,0.95,2017-05-08 00:00:00
7546,2017-05-09,0.52,2017-05-09 00:00:00
7547,2017-05-10,0.0,2017-05-10 00:00:00
7548,2017-05-12,0.11,2017-05-12 00:00:00
7549,2017-05-15,0.11,2017-05-15 00:00:00
7550,2017-05-16,0.05,2017-05-16 00:00:00
7551,2017-05-17,0.0,2017-05-17 00:00:00
7552,2017-05-18,0.16,2017-05-18 00:00:00
7553,2017-05-19,0.01,2017-05-19 00:00:00
7554,2017-05-20,0.01,2017-05-20 00:00:00
7555,2017-05-22,0.11,2017-05-22 00:00:00
7556,2017-05-23,0.11,2017-05-23 00:00:00
7557,2017-05-24,0.1,2017-05-24 00:00:00
7558,2017-05-25,0.07,2017-05-25 00:00:00
7559,2017-05-26,0.0,2017-05-26 00:00:00
7560,2017-05-27,0.0,2017-05-27 00:00:00
7561,2017-05-28,0.02,2017-05-28 00:00:00
7562,2017-05-29,0.0,2017-05-29 00:00:00
7563,2017-05-30,0.04,2017-05-30 00:00:00
7564,2017-05-31,0.0,2017-05-31 00:00:00
7565,2017-06-01,0.0,2017-06-01 00:00:00
7566,2017-06-02,0.15,2017-06-02 00:00:00
7567,2017-06-03,0.16,2017-06-03 00:00:00
7568,2017-06-04,0.05,2017-06-04 00:00:00
7569,2017-06-05,0.02,2017-06-05 00:00:00
7570,2017-06-06,0.0,2017-06-06 00:00:00
7571,2017-06-07,0.0,2017-06-07 00:00:00
7572,2017-06-08,0.01,2017-06-08 00:00:00
7573,2017-06-09,0.0,2017-06-09 00:00:00
7574,2017-06-10,0.53,2017-06-10 00:00:00
7575,2017-06-11,0.14,2017-06-11 00:00:00
7576,2017-06-12,0.35,2017-06-12 00:00:00
7577,2017-06-13,0.1,2017-06-13 00:00:00
7578,2017-06-14,0.21,2017-06-14 00:00:00
7579,2017-06-15,0.3,2017-06-15 00:00:00
7580,2017-06-16,0.02,2017-06-16 00:00:00
7581,2017-06-17,0.02,2017-06-17 00:00:00
7582,2017-06-18,0.18,2017-06-18 00:00:00
7583,2017-06-19,0.19,2017-06-19 00:00:00
7584,2017-06-20,0.17,2017-06-20 00:00:00
7585,2017-06-23,0.11,2017-06-23 00:00:00
7586,2017-06-26,0.11,2017-06-26 00:00:00
7587,2017-06-29,0.11,2017-06-29 00:00:00
7588,2017-06-30,0.0,2017-06-30 00:00:00
7589,2017-07-03,0.14,2017-07-03 00:00:00
7590,2017-07-05,0.14,2017-07-05 00:00:00
7591,2017-07-07,0.14,2017-07-07 00:00:00
7592,2017-07-08,0.06,2017-07-08 00:00:00
7593,2017-07-09,0.0,2017-07-09 00:00:00
7594,2017-07-10,0.0,2017-07-10 00:00:00
7595,2017-07-11,0.0,2017-07-11 00:00:00
7596,2017-07-12,0.02,2017-07-12 00:00:00
7597,2017-07-13,0.3,2017-07-13 00:00:00
7598,2017-07-14,0.0,2017-07-14 00:00:00
7599,2017-07-15,0.01,2017-07-15 00:00:00
7600,2017-07-16,0.12,2017-07-16 00:00:00
7601,2017-07-17,0.16,2017-07-17 00:00:00
7602,2017-07-18,0.0,2017-07-18 00:00:00
7603,2017-07-19,0.09,2017-07-19 00:00:00
7604,2017-07-20,0.0,2017-07-20 00:00:00
7605,2017-07-21,0.0,2017-07-21 00:00:00
7606,2017-07-22,0.12,2017-07-22 00:00:00
7607,2017-07-23,0.07,2017-07-23 00:00:00
7608,2017-07-24,1.19,2017-07-24 00:00:00
7609,2017-07-25,0.12,2017-07-25 00:00:00
7610,2017-07-26,0.02,2017-07-26 00:00:00
7611,2017-07-27,0.0,2017-07-27 00:00:00
7612,2017-07-28,0.14,2017-07-28 00:00:00
7613,2017-07-29,0.02,2017-07-29 00:00:00
7614,2017-07-31,0.14,2017-07-31 00:00:00
7615,2017-08-01,0.12,2017-08-01 00:00:00
7616,2017-08-02,0.05,2017-08-02 00:00:00
7617,2017-08-03,0.01,2017-08-03 00:00:00
7618,2017-08-04,0.04,2017-08-04 00:00:00
7619,2017-08-06,0.0,2017-08-06 00:00:00
7620,2017-08-07,0.0,2017-08-07 00:00:00
7621,2017-08-08,0.1,2017-08-08 00:00:00
7622,2017-08-09,0.0,2017-08-09 00:00:00
7623,2017-08-10,0.0,2017-08-10 00:00:00
7624,2017-08-11,0.0,2017-08-11 00:00:00
7625,2017-08-13,0.11,2017-08-13 00:00:00
7626,2017-08-14,0.01,2017-08-14 00:00:00
7627,2017-08-15,0.0,2017-08-15 00:00:00
7628,2017-08-16,0.0,2017-08-16 00:00:00
7629,2017-08-17,0.0,2017-08-17 00:00:00
7630,2017-08-18,0.0,2017-08-18 00:00:00
7631,2017-08-19,0.0,2017-08-19 00:00:00
7632,2017-08-20,0.01,2017-08-20 00:00:00
7633,2017-08-21,0.02,2017-08-21 00:00:00
7634,2017-08-23,0.0,2017-08-23 00:00:00
8824,2016-08-23,0.05,2016-08-23 00:00:00
8825,2016-08-24,0.05,2016-08-24 00:00:00
8826,2016-08-25,0.0,2016-08-25 00:00:00
8827,2016-08-26,0.04,2016-08-26 00:00:00
8828,2016-08-29,0.05,2016-08-29 00:00:00
8829,2016-08-30,0.02,2016-08-30 00:00:00
8830,2016-08-31,0.05,2016-08-31 00:00:00
8831,2016-09-01,0.03,2016-09-01 00:00:00
8832,2016-09-02,0.03,2016-09-02 00:00:00
8833,2016-09-08,0.03,2016-09-08 00:00:00
8834,2016-09-09,0.03,2016-09-09 00:00:00
8835,2016-09-12,0.03,2016-09-12 00:00:00
8836,2016-09-13,0.03,2016-09-13 00:00:00
8837,2016-09-14,0.03,2016-09-14 00:00:00
8838,2016-09-15,0.03,2016-09-15 00:00:00
8839,2016-09-16,0.0,2016-09-16 00:00:00
8840,2016-09-19,0.03,2016-09-19 00:00:00
8841,2016-09-20,0.0,2016-09-20 00:00:00
8842,2016-09-22,0.06,2016-09-22 00:00:00
8843,2016-09-23,0.0,2016-09-23 00:00:00
8844,2016-09-26,0.03,2016-09-26 00:00:00
8845,2016-09-28,0.0,2016-09-28 00:00:00
8846,2016-09-29,0.04,2016-09-29 00:00:00
8847,2016-09-30,0.03,2016-09-30 00:00:00
8848,2016-10-03,0.02,2016-10-03 00:00:00
8849,2016-10-04,0.02,2016-10-04 00:00:00
8850,2016-10-05,0.02,2016-10-05 00:00:00
8851,2016-10-06,0.07,2016-10-06 00:00:00
8852,2016-10-07,0.02,2016-10-07 00:00:00
8853,2016-10-11,0.02,2016-10-11 00:00:00
8854,2016-10-13,0.02,2016-10-13 00:00:00
8855,2016-10-17,0.02,2016-10-17 00:00:00
8856,2016-10-18,0.02,2016-10-18 00:00:00
8857,2016-10-19,0.02,2016-10-19 00:00:00
8858,2016-10-20,0.02,2016-10-20 00:00:00
8859,2016-10-21,0.02,2016-10-21 00:00:00
8860,2016-10-24,0.02,2016-10-24 00:00:00
8861,2016-10-25,0.4,2016-10-25 00:00:00
8862,2016-10-26,0.2,2016-10-26 00:00:00
8863,2016-10-27,0.02,2016-10-27 00:00:00
8864,2016-10-28,0.02,2016-10-28 00:00:00
8865,2016-10-31,0.02,2016-10-31 00:00:00
8866,2016-11-04,0.04,2016-11-04 00:00:00
8867,2016-11-07,0.04,2016-11-07 00:00:00
8868,2016-11-09,0.0,2016-11-09 00:00:00
8869,2016-11-14,0.02,2016-11-14 00:00:00
8870,2016-11-15,0.04,2016-11-15 00:00:00
8871,2016-11-16,0.04,2016-11-16 00:00:00
8872,2016-11-17,0.04,2016-11-17 00:00:00
8873,2016-11-18,0.04,2016-11-18 00:00:00
8874,2016-11-21,0.04,2016-11-21 00:00:00
8875,2016-11-22,0.04,2016-11-22 00:00:00
8876,2016-11-23,0.04,2016-11-23 00:00:00
8877,2016-11-28,0.04,2016-11-28 00:00:00
8878,2016-11-29,0.04,2016-11-29 00:00:00
8879,2016-11-30,0.04,2016-11-30 00:00:00
8880,2016-12-01,0.15,2016-12-01 00:00:00
8881,2016-12-02,0.15,2016-12-02 00:00:00
8882,2016-12-05,0.15,2016-12-05 00:00:00
8883,2016-12-06,0.15,2016-12-06 00:00:00
8884,2016-12-07,0.15,2016-12-07 00:00:00
8885,2016-12-08,0.27,2016-12-08 00:00:00
8886,2016-12-09,0.15,2016-12-09 00:00:00
8887,2016-12-12,0.02,2016-12-12 00:00:00
8888,2016-12-13,0.15,2016-12-13 00:00:00
8889,2016-12-14,0.15,2016-12-14 00:00:00
8890,2016-12-15,0.15,2016-12-15 00:00:00
8891,2016-12-16,0.15,2016-12-16 00:00:00
8892,2016-12-19,0.15,2016-12-19 00:00:00
8893,2016-12-20,0.15,2016-12-20 00:00:00
8894,2016-12-21,0.06,2016-12-21 00:00:00
8895,2016-12-22,0.15,2016-12-22 00:00:00
8896,2016-12-23,0.15,2016-12-23 00:00:00
8897,2016-12-28,0.15,2016-12-28 00:00:00
8898,2016-12-29,0.15,2016-12-29 00:00:00
8899,2016-12-30,0.15,2016-12-30 00:00:00
8900,2017-01-09,0.05,2017-01-09 00:00:00
8901,2017-01-10,0.05,2017-01-10 00:00:00
8902,2017-01-11,0.05,2017-01-11 00:00:00
8903,2017-01-12,0.05,2017-01-12 00:00:00
8904,2017-01-13,0.05,2017-01-13 00:00:00
8905,2017-01-17,0.0,2017-01-17 00:00:00
8906,2017-01-18,0.0,2017-01-18 00:00:00
8907,2017-01-19,0.05,2017-01-19 00:00:00
8908,2017-01-20,0.05,2017-01-20 00:00:00
8909,2017-01-23,0.05,2017-01-23 00:00:00
8910,2017-01-24,0.05,2017-01-24 00:00:00
8911,2017-01-25,0.05,2017-01-25 00:00:00
8912,2017-01-26,0.0,2017-01-26 00:00:00
8913,2017-01-27,0.0,2017-01-27 00:00:00
8914,2017-01-30,0.05,2017-01-30 00:00:00
8915,2017-01-31,0.0,2017-01-31 00:00:00
8916,2017-02-01,0.0,2017-02-01 00:00:00
8917,2017-02-02,0.0,2017-02-02 00:00:00
8918,2017-02-03,0.0,2017-02-03 00:00:00
8919,2017-02-06,0.09,2017-02-06 00:00:00
8920,2017-02-07,0.0,2017-02-07 00:00:00
8921,2017-02-08,0.0,2017-02-08 00:00:00
8922,2017-02-09,0.0,2017-02-09 00:00:00
8923,2017-02-10,0.0,2017-02-10 00:00:00
8924,2017-02-13,0.09,2017-02-13 00:00:00
8925,2017-02-14,0.0,2017-02-14 00:00:00
8926,2017-02-15,0.09,2017-02-15 00:00:00
8927,2017-02-16,0.09,2017-02-16 00:00:00
8928,2017-02-17,0.0,2017-02-17 00:00:00
8929,2017-02-21,0.09,2017-02-21 00:00:00
8930,2017-02-22,0.17,2017-02-22 00:00:00
8931,2017-02-23,0.0,2017-02-23 00:00:00
8932,2017-02-24,0.0,2017-02-24 00:00:00
8933,2017-02-27,0.09,2017-02-27 00:00:00
8934,2017-02-28,0.09,2017-02-28 00:00:00
8935,2017-03-01,2.4,2017-03-01 00:00:00
8936,2017-03-02,0.44,2017-03-02 00:00:00
8937,2017-03-03,0.14,2017-03-03 00:00:00
8938,2017-03-06,0.19,2017-03-06 00:00:00
8939,2017-03-07,0.19,2017-03-07 00:00:00
8940,2017-03-08,0.19,2017-03-08 00:00:00
8941,2017-03-09,0.0,2017-03-09 00:00:00
8942,2017-03-10,0.0,2017-03-10 00:00:00
8943,2017-03-13,0.19,2017-03-13 00:00:00
8944,2017-03-14,0.06,2017-03-14 00:00:00
8945,2017-03-15,0.0,2017-03-15 00:00:00
8946,2017-03-16,0.19,2017-03-16 00:00:00
8947,2017-03-17,0.19,2017-03-17 00:00:00
8948,2017-03-28,0.19,2017-03-28 00:00:00
8949,2017-03-29,0.19,2017-03-29 00:00:00
8950,2017-03-30,0.19,2017-03-30 00:00:00
8951,2017-03-31,0.0,2017-03-31 00:00:00
8952,2017-04-03,0.04,2017-04-03 00:00:00
8953,2017-04-04,0.0,2017-04-04 00:00:00
8954,2017-04-05,0.0,2017-04-05 00:00:00
8955,2017-04-06,0.0,2017-04-06 00:00:00
8956,2017-04-07,0.0,2017-04-07 00:00:00
8957,2017-04-10,0.04,2017-04-10 00:00:00
8958,2017-04-11,0.04,2017-04-11 00:00:00
8959,2017-04-12,0.04,2017-04-12 00:00:00
8960,2017-04-13,0.04,2017-04-13 00:00:00
8961,2017-04-17,0.04,2017-04-17 00:00:00
8962,2017-04-18,0.0,2017-04-18 00:00:00
8963,2017-04-19,0.04,2017-04-19 00:00:00
8964,2017-04-20,0.04,2017-04-20 00:00:00
8965,2017-04-21,0.04,2017-04-21 00:00:00
8966,2017-04-24,0.04,2017-04-24 00:00:00
8967,2017-04-25,0.04,2017-04-25 00:00:00
8968,2017-04-27,0.04,2017-04-27 00:00:00
8969,2017-04-28,0.04,2017-04-28 00:00:00
8970,2017-06-02,0.06,2017-06-02 00:00:00
8971,2017-06-05,0.06,2017-06-05 00:00:00
8972,2017-06-06,0.06,2017-06-06 00:00:00
8973,2017-06-07,0.06,2017-06-07 00:00:00
8974,2017-06-08,0.06,2017-06-08 00:00:00
8975,2017-06-09,0.06,2017-06-09 00:00:00
8976,2017-06-13,0.06,2017-06-13 00:00:00
8977,2017-06-14,0.06,2017-06-14 00:00:00
8978,2017-06-15,0.06,2017-06-15 00:00:00
8979,2017-06-16,0.06,2017-06-16 00:00:00
8980,2017-06-19,0.06,2017-06-19 00:00:00
8981,2017-06-20,0.06,2017-06-20 00:00:00
8982,2017-06-21,0.06,2017-06-21 00:00:00
8983,2017-06-22,0.0,2017-06-22 00:00:00
8984,2017-06-23,0.0,2017-06-23 00:00:00
8985,2017-06-26,0.06,2017-06-26 00:00:00
8986,2017-06-27,0.0,2017-06-27 00:00:00
8987,2017-06-28,0.0,2017-06-28 00:00:00
8988,2017-06-29,0.0,2017-06-29 00:00:00
8989,2017-06-30,0.12,2017-06-30 00:00:00
8990,2017-07-03,0.03,2017-07-03 00:00:00
8991,2017-07-05,0.03,2017-07-05 00:00:00
8992,2017-07-06,0.03,2017-07-06 00:00:00
8993,2017-07-07,0.03,2017-07-07 00:00:00
8994,2017-07-10,0.03,2017-07-10 00:00:00
8995,2017-07-11,0.03,2017-07-11 00:00:00
8996,2017-07-12,0.03,2017-07-12 00:00:00
8997,2017-07-13,0.03,2017-07-13 00:00:00
8998,2017-07-18,0.0,2017-07-18 00:00:00
8999,2017-07-19,0.0,2017-07-19 00:00:00
9000,2017-07-20,0.0,2017-07-20 00:00:00
9001,2017-07-21,0.0,2017-07-21 00:00:00
9002,2017-07-25,0.0,2017-07-25 00:00:00
9003,2017-07-26,0.03,2017-07-26 00:00:00
9004,2017-07-27,0.03,2017-07-27 00:00:00
9005,2017-07-28,0.01,2017-07-28 00:00:00
9006,2017-07-31,0.03,2017-07-31 00:00:00
11850,2016-08-23,0.02,2016-08-23 00:00:00
11851,2016-08-24,1.22,2016-08-24 00:00:00
11852,2016-08-25,0.21,2016-08-25 00:00:00
11853,2016-08-26,0.0,2016-08-26 00:00:00
11854,2016-08-27,0.0,2016-08-27 00:00:00
11855,2016-08-28,0.14,2016-08-28 00:00:00
11856,2016-08-29,0.0,2016-08-29 00:00:00
11857,2016-08-30,0.0,2016-08-30 00:00:00
11858,2016-08-31,0.25,2016-08-31 00:00:00
11859,2016-09-02,0.11,2016-09-02 00:00:00
11860,2016-09-03,0.08,2016-09-03 00:00:00
11861,2016-09-04,0.74,2016-09-04 00:00:00
11862,2016-09-05,0.02,2016-09-05 00:00:00
11863,2016-09-06,0.03,2016-09-06 00:00:00
11864,2016-09-07,0.11,2016-09-07 00:00:00
11865,2016-09-08,0.01,2016-09-08 00:00:00
11866,2016-09-09,0.23,2016-09-09 00:00:00
11867,2016-09-10,0.14,2016-09-10 00:00:00
11868,2016-09-11,0.12,2016-09-11 00:00:00
11869,2016-09-12,0.15,2016-09-12 00:00:00
11870,2016-09-13,0.46,2016-09-13 00:00:00
11871,2016-09-14,1.19,2016-09-14 00:00:00
11872,2016-09-15,0.17,2016-09-15 00:00:00
11873,2016-09-16,0.01,2016-09-16 00:00:00
11874,2016-09-17,0.0,2016-09-17 00:00:00
11875,2016-09-18,0.04,2016-09-18 00:00:00
11876,2016-09-19,0.05,2016-09-19 00:00:00
11877,2016-09-20,0.04,2016-09-20 00:00:00
11878,2016-09-21,0.0,2016-09-21 00:00:00
11879,2016-09-22,0.01,2016-09-22 00:00:00
11880,2016-09-23,0.0,2016-09-23 00:00:00
11881,2016-09-24,0.0,2016-09-24 00:00:00
11882,2016-09-25,0.0,2016-09-25 00:00:00
11883,2016-09-26,0.34,2016-09-26 00:00:00
11884,2016-09-27,0.05,2016-09-27 00:00:00
11885,2016-09-28,0.0,2016-09-28 00:00:00
11886,2016-09-29,0.18,2016-09-29 00:00:00
11887,2016-09-30,0.15,2016-09-30 00:00:00
11888,2016-10-01,0.07,2016-10-01 00:00:00
11889,2016-10-02,0.0,2016-10-02 00:00:00
11890,2016-10-03,0.0,2016-10-03 00:00:00
11891,2016-10-04,0.0,2016-10-04 00:00:00
11892,2016-10-05,0.0,2016-10-05 00:00:00
11893,2016-10-06,0.0,2016-10-06 00:00:00
11894,2016-10-07,0.0,2016-10-07 00:00:00
11895,2016-10-08,0.0,2016-10-08 00:00:00
11896,2016-10-09,0.0,2016-10-09 00:00:00
11897,2016-10-10,0.0,2016-10-10 00:00:00
11898,2016-10-11,0.0,2016-10-11 00:00:00
11899,2016-10-12,0.0,2016-10-12 00:00:00
11900,2016-10-13,0.0,2016-10-13 00:00:00
11901,2016-10-14,0.0,2016-10-14 00:00:00
11902,2016-10-15,0.0,2016-10-15 00:00:00
11903,2016-10-16,0.0,2016-10-16 00:00:00
11904,2016-10-17,0.12,2016-10-17 00:00:00
11905,2016-10-18,0.02,2016-10-18 00:00:00
11906,2016-10-19,0.0,2016-10-19 00:00:00
11907,2016-10-21,0.1,2016-10-21 00:00:00
11908,2016-10-22,0.0,2016-10-22 00:00:00
11909,2016-10-23,0.0,2016-10-23 00:00:00
11910,2016-10-24,0.0,2016-10-24 00:00:00
11911,2016-10-25,0.12,2016-10-25 00:00:00
11912,2016-10-26,0.02,2016-10-26 00:00:00
11913,2016-10-27,0.08,2016-10-27 00:00:00
11914,2016-10-28,0.06,2016-10-28 00:00:00
11915,2016-10-29,0.01,2016-10-29 00:00:00
11916,2016-10-30,0.0,2016-10-30 00:00:00
11917,2016-10-31,0.13,2016-10-31 00:00:00
11918,2016-11-01,0.01,2016-11-01 00:00:00
11919,2016-11-02,0.0,2016-11-02 00:00:00
11920,2016-11-03,0.0,2016-11-03 00:00:00
11921,2016-11-04,0.0,2016-11-04 00:00:00
11922,2016-11-05,0.02,2016-11-05 00:00:00
11923,2016-11-06,0.0,2016-11-06 00:00:00
11924,2016-11-07,0.0,2016-11-07 00:00:00
11925,2016-11-08,0.15,2016-11-08 00:00:00
11926,2016-11-09,0.0,2016-11-09 00:00:00
11927,2016-11-10,0.0,2016-11-10 00:00:00
11928,2016-11-11,0.0,2016-11-11 00:00:00
11929,2016-11-12,0.0,2016-11-12 00:00:00
11930,2016-11-13,0.0,2016-11-13 00:00:00
11931,2016-11-14,0.0,2016-11-14 00:00:00
11932,2016-11-15,0.0,2016-11-15 00:00:00
11933,2016-11-16,0.07,2016-11-16 00:00:00
11934,2016-11-17,0.0,2016-11-17 00:00:00
11935,2016-11-18,0.02,2016-11-18 00:00:00
11936,2016-11-19,0.13,2016-11-19 00:00:00
11937,2016-11-20,0.4,2016-11-20 00:00:00
11938,2016-11-21,0.07,2016-11-21 00:00:00
11939,2016-11-22,0.31,2016-11-22 00:00:00
11940,2016-11-23,0.03,2016-11-23 00:00:00
11941,2016-11-24,0.21,2016-11-24 00:00:00
11942,2016-11-25,0.11,2016-11-25 00:00:00
11943,2016-11-26,0.03,2016-11-26 00:00:00
11944,2016-11-27,0.0,2016-11-27 00:00:00
11945,2016-11-28,0.0,2016-11-28 00:00:00
11946,2016-11-29,0.06,2016-11-29 00:00:00
11947,2016-11-30,0.0,2016-11-30 00:00:00
11948,2016-12-01,0.16,2016-12-01 00:00:00
11949,2016-12-02,0.01,2016-12-02 00:00:00
11950,2016-12-03,0.02,2016-12-03 00:00:00
11951,2016-12-04,0.32,2016-12-04 00:00:00
11952,2016-12-05,0.45,2016-12-05 00:00:00
11953,2016-12-06,0.0,2016-12-06 00:00:00
11954,2016-12-07,0.07,2016-12-07 00:00:00
11955,2016-12-08,0.01,2016-12-08 00:00:00
11956,2016-12-10,0.16,2016-12-10 00:00:00
11957,2016-12-11,0.06,2016-12-11 00:00:00
11958,2016-12-12,0.0,2016-12-12 00:00:00
11959,2016-12-13,0.15,2016-12-13 00:00:00
11960,2016-12-14,0.05,2016-12-14 00:00:00
11961,2016-12-15,0.0,2016-12-15 00:00:00
11962,2016-12-16,0.0,2016-12-16 00:00:00
11963,2016-12-17,0.16,2016-12-17 00:00:00
11964,2016-12-18,0.27,2016-12-18 00:00:00
11965,2016-12-19,0.02,2016-12-19 00:00:00
11966,2016-12-20,0.01,2016-12-20 00:00:00
11967,2016-12-21,0.06,2016-12-21 00:00:00
11968,2016-12-22,0.14,2016-12-22 00:00:00
11969,2016-12-23,0.02,2016-12-23 00:00:00
11970,2016-12-24,0.06,2016-12-24 00:00:00
11971,2016-12-25,0.0,2016-12-25 00:00:00
11972,2016-12-26,0.06,2016-12-26 00:00:00
11973,2016-12-27,0.0,2016-12-27 00:00:00
11974,2016-12-28,0.06,2016-12-28 00:00:00
11975,2016-12-29,0.05,2016-12-29 00:00:00
11976,2016-12-30,0.07,2016-12-30 00:00:00
11977,2017-01-01,0.12,2017-01-01 00:00:00
11978,2017-01-03,0.12,2017-01-03 00:00:00
11979,2017-01-04,0.18,2017-01-04 00:00:00
11980,2017-01-05,0.42,2017-01-05 00:00:00
11981,2017-01-06,0.01,2017-01-06 00:00:00
11982,2017-01-07,0.0,2017-01-07 00:00:00
11983,2017-01-08,0.0,2017-01-08 00:00:00
11984,2017-01-09,0.0,2017-01-09 00:00:00
11985,2017-01-10,0.0,2017-01-10 00:00:00
11986,2017-01-12,0.12,2017-01-12 00:00:00
11987,2017-01-15,0.12,2017-01-15 00:00:00
11988,2017-01-16,0.0,2017-01-16 00:00:00
11989,2017-01-18,0.12,2017-01-18 00:00:00
11990,2017-01-19,0.0,2017-01-19 00:00:00
11991,2017-01-20,0.0,2017-01-20 00:00:00
11992,2017-01-21,0.11,2017-01-21 00:00:00
11993,2017-01-22,0.04,2017-01-22 00:00:00
11994,2017-01-23,0.0,2017-01-23 00:00:00
11995,2017-01-24,0.08,2017-01-24 00:00:00
11996,2017-01-25,0.0,2017-01-25 00:00:00
11997,2017-01-26,0.0,2017-01-26 00:00:00
11998,2017-01-27,0.0,2017-01-27 00:00:00
11999,2017-01-29,0.12,2017-01-29 00:00:00
12000,2017-01-30,0.0,2017-01-30 00:00:00
12001,2017-01-31,0.0,2017-01-31 00:00:00
12002,2017-02-01,0.0,2017-02-01 00:00:00
12003,2017-02-02,0.0,2017-02-02 00:00:00
12004,2017-02-03,0.0,2017-02-03 00:00:00
12005,2017-02-04,0.0,2017-02-04 00:00:00
12006,2017-02-05,0.0,2017-02-05 00:00:00
12007,2017-02-06,0.0,2017-02-06 00:00:00
12008,2017-02-07,1.8,2017-02-07 00:00:00
12009,2017-02-08,0.0,2017-02-08 00:00:00
12010,2017-02-09,0.0,2017-02-09 00:00:00
12011,2017-02-10,0.0,2017-02-10 00:00:00
12012,2017-02-11,5.04,2017-02-11 00:00:00
12013,2017-02-12,0.07,2017-02-12 00:00:00
12014,2017-02-13,0.0,2017-02-13 00:00:00
12015,2017-02-15,0.14,2017-02-15 00:00:00
12016,2017-02-16,0.67,2017-02-16 00:00:00
12017,2017-02-17,0.06,2017-02-17 00:00:00
12018,2017-02-18,0.01,2017-02-18 00:00:00
12019,2017-02-20,0.14,2017-02-20 00:00:00
12020,2017-02-22,0.13,2017-02-22 00:00:00
12021,2017-02-23,0.0,2017-02-23 00:00:00
12022,2017-02-24,0.0,2017-02-24 00:00:00
12023,2017-02-26,0.14,2017-02-26 00:00:00
12024,2017-02-27,0.0,2017-02-27 00:00:00
12025,2017-02-28,0.0,2017-02-28 00:00:00
12026,2017-03-01,0.59,2017-03-01 00:00:00
12027,2017-03-02,1.48,2017-03-02 00:00:00
12028,2017-03-03,0.25,2017-03-03 00:00:00
12029,2017-03-04,0.0,2017-03-04 00:00:00
12030,2017-03-06,0.17,2017-03-06 00:00:00
12031,2017-03-09,0.17,2017-03-09 00:00:00
12032,2017-03-10,0.0,2017-03-10 00:00:00
12033,2017-03-11,0.0,2017-03-11 00:00:00
12034,2017-03-12,0.0,2017-03-12 00:00:00
12035,2017-03-13,0.0,2017-03-13 00:00:00
12036,2017-03-14,0.0,2017-03-14 00:00:00
12037,2017-03-15,0.0,2017-03-15 00:00:00
12038,2017-03-16,0.0,2017-03-16 00:00:00
12039,2017-03-17,0.35,2017-03-17 00:00:00
12040,2017-03-18,0.0,2017-03-18 00:00:00
12041,2017-03-19,0.0,2017-03-19 00:00:00
12042,2017-03-20,0.0,2017-03-20 00:00:00
12043,2017-03-21,0.0,2017-03-21 00:00:00
12044,2017-03-22,0.0,2017-03-22 00:00:00
12045,2017-03-23,0.02,2017-03-23 00:00:00
12046,2017-03-24,0.07,2017-03-24 00:00:00
12047,2017-03-25,0.43,2017-03-25 00:00:00
12048,2017-03-26,0.0,2017-03-26 00:00:00
12049,2017-03-27,0.0,2017-03-27 00:00:00
12050,2017-03-28,0.0,2017-03-28 00:00:00
12051,2017-03-29,0.08,2017-03-29 00:00:00
12052,2017-03-30,0.0,2017-03-30 00:00:00
12053,2017-03-31,0.0,2017-03-31 00:00:00
12054,2017-04-01,0.0,2017-04-01 00:00:00
12055,2017-04-02,0.0,2017-04-02 00:00:00
12056,2017-04-03,0.0,2017-04-03 00:00:00
12057,2017-04-04,0.0,2017-04-04 00:00:00
12058,2017-04-05,0.0,2017-04-05 00:00:00
12059,2017-04-06,0.0,2017-04-06 00:00:00
12060,2017-04-07,0.0,2017-04-07 00:00:00
12061,2017-04-09,0.12,2017-04-09 00:00:00
12062,2017-04-10,0.0,2017-04-10 00:00:00
12063,2017-04-11,0.0,2017-04-11 00:00:00
12064,2017-04-12,0.0,2017-04-12 00:00:00
12065,2017-04-13,0.0,2017-04-13 00:00:00
12066,2017-04-14,0.36,2017-04-14 00:00:00
12067,2017-04-15,0.0,2017-04-15 00:00:00
12068,2017-04-16,0.0,2017-04-16 00:00:00
12069,2017-04-17,0.3,2017-04-17 00:00:00
12070,2017-04-18,0.15,2017-04-18 00:00:00
12071,2017-04-19,0.0,2017-04-19 00:00:00
12072,2017-04-20,0.35,2017-04-20 00:00:00
12073,2017-04-21,2.36,2017-04-21 00:00:00
12074,2017-04-24,0.12,2017-04-24 00:00:00
12075,2017-04-25,0.0,2017-04-25 00:00:00
12076,2017-04-26,0.01,2017-04-26 00:00:00
12077,2017-04-27,0.0,2017-04-27 00:00:00
12078,2017-04-28,0.0,2017-04-28 00:00:00
12079,2017-04-29,6.25,2017-04-29 00:00:00
12080,2017-04-30,1.31,2017-04-30 00:00:00
12081,2017-05-01,0.07,2017-05-01 00:00:00
12082,2017-05-02,0.0,2017-05-02 00:00:00
12083,2017-05-03,0.0,2017-05-03 00:00:00
12084,2017-05-04,0.0,2017-05-04 00:00:00
12085,2017-05-05,0.0,2017-05-05 00:00:00
12086,2017-05-06,0.0,2017-05-06 00:00:00
12087,2017-05-07,0.0,2017-05-07 00:00:00
12088,2017-05-08,0.0,2017-05-08 00:00:00
12089,2017-05-09,0.68,2017-05-09 00:00:00
12090,2017-05-10,0.06,2017-05-10 00:00:00
12091,2017-05-11,0.0,2017-05-11 00:00:00
12092,2017-05-12,0.0,2017-05-12 00:00:00
12093,2017-05-13,0.0,2017-05-13 00:00:00
12094,2017-05-14,0.0,2017-05-14 00:00:00
12095,2017-05-15,0.06,2017-05-15 00:00:00
12096,2017-05-16,0.0,2017-05-16 00:00:00
12097,2017-05-17,0.0,2017-05-17 00:00:00
12098,2017-05-18,0.46,2017-05-18 00:00:00
12099,2017-05-20,0.09,2017-05-20 00:00:00
12100,2017-05-21,0.0,2017-05-21 00:00:00
12101,2017-05-22,0.0,2017-05-22 00:00:00
12102,2017-05-23,0.0,2017-05-23 00:00:00
12103,2017-05-24,0.61,2017-05-24 00:00:00
12104,2017-05-25,0.55,2017-05-25 00:00:00
12105,2017-05-26,0.0,2017-05-26 00:00:00
12106,2017-05-27,0.0,2017-05-27 00:00:00
12107,2017-05-28,0.0,2017-05-28 00:00:00
12108,2017-05-29,0.0,2017-05-29 00:00:00
12109,2017-05-30,0.11,2017-05-30 00:00:00
12110,2017-05-31,0.0,2017-05-31 00:00:00
12111,2017-06-01,0.0,2017-06-01 00:00:00
12112,2017-06-02,0.0,2017-06-02 00:00:00
12113,2017-06-03,0.15,2017-06-03 00:00:00
12114,2017-06-04,0.0,2017-06-04 00:00:00
12115,2017-06-05,0.0,2017-06-05 00:00:00
12116,2017-06-06,0.0,2017-06-06 00:00:00
12117,2017-06-07,0.0,2017-06-07 00:00:00
12118,2017-06-08,0.0,2017-06-08 00:00:00
12119,2017-06-09,0.0,2017-06-09 00:00:00
12120,2017-06-10,0.13,2017-06-10 00:00:00
12121,2017-06-11,0.25,2017-06-11 00:00:00
12122,2017-06-12,0.14,2017-06-12 00:00:00
12123,2017-06-13,0.03,2017-06-13 00:00:00
12124,2017-06-14,0.06,2017-06-14 00:00:00
12125,2017-06-15,0.0,2017-06-15 00:00:00
12126,2017-06-16,0.0,2017-06-16 00:00:00
12127,2017-06-17,0.0,2017-06-17 00:00:00
12128,2017-06-18,0.0,2017-06-18 00:00:00
12129,2017-06-19,0.01,2017-06-19 00:00:00
12130,2017-06-21,0.05,2017-06-21 00:00:00
12131,2017-06-22,0.0,2017-06-22 00:00:00
12132,2017-06-23,0.05,2017-06-23 00:00:00
12133,2017-06-24,0.0,2017-06-24 00:00:00
12134,2017-06-25,0.0,2017-06-25 00:00:00
12135,2017-06-26,0.0,2017-06-26 00:00:00
12136,2017-06-27,0.0,2017-06-27 00:00:00
12137,2017-06-28,0.0,2017-06-28 00:00:00
12138,2017-06-29,0.0,2017-06-29 00:00:00
12139,2017-06-30,0.07,2017-06-30 00:00:00
12140,2017-07-02,0.09,2017-07-02 00:00:00
12141,2017-07-03,0.02,2017-07-03 00:00:00
12142,2017-07-05,0.09,2017-07-05 00:00:00
12143,2017-07-06,0.0,2017-07-06 00:00:00
12144,2017-07-07,0.0,2017-07-07 00:00:00
12145,2017-07-08,0.0,2017-07-08 00:00:00
12146,2017-07-09,0.0,2017-07-09 00:00:00
12147,2017-07-10,0.0,2017-07-10 00:00:00
12148,2017-07-11,0.0,2017-07-11 00:00:00
12149,2017-07-12,0.0,2017-07-12 00:00:00
12150,2017-07-13,0.11,2017-07-13 00:00:00
12151,2017-07-14,0.0,2017-07-14 00:00:00
12152,2017-07-15,0.0,2017-07-15 00:00:00
12153,2017-07-16,0.0,2017-07-16 00:00:00
12154,2017-07-17,0.0,2017-07-17 00:00:00
12155,2017-07-18,0.0,2017-07-18 00:00:00
12156,2017-07-19,0.0,2017-07-19 00:00:00
12157,2017-07-20,0.33,2017-07-20 00:00:00
12158,2017-07-21,0.0,2017-07-21 00:00:00
12159,2017-07-22,0.0,2017-07-22 00:00:00
12160,2017-07-24,0.09,2017-07-24 00:00:00
12161,2017-07-25,0.05,2017-07-25 00:00:00
12162,2017-07-26,0.0,2017-07-26 00:00:00
12163,2017-07-27,0.0,2017-07-27 00:00:00
12164,2017-07-28,0.0,2017-07-28 00:00:00
12165,2017-07-29,0.0,2017-07-29 00:00:00
12166,2017-07-30,0.0,2017-07-30 00:00:00
12167,2017-07-31,0.0,2017-07-31 00:00:00
12168,2017-08-01,0.0,2017-08-01 00:00:00
12169,2017-08-02,0.0,2017-08-02 00:00:00
12170,2017-08-03,0.0,2017-08-03 00:00:00
12171,2017-08-04,0.0,2017-08-04 00:00:00
12172,2017-08-06,0.0,2017-08-06 00:00:00
12173,2017-08-07,0.0,2017-08-07 00:00:00
12174,2017-08-08,0.0,2017-08-08 00:00:00
12175,2017-08-10,0.0,2017-08-10 00:00:00
12176,2017-08-11,0.0,2017-08-11 00:00:00
12177,2017-08-12,0.0,2017-08-12 00:00:00
12178,2017-08-13,0.0,2017-08-13 00:00:00
12179,2017-08-14,0.08,2017-08-14 00:00:00
12180,2017-08-15,0.06,2017-08-15 00:00:00
12181,2017-08-16,0.07,2017-08-16 00:00:00
12182,2017-08-17,0.05,2017-08-17 00:00:00
12183,2017-08-19,0.1,2017-08-19 00:00:00
12184,2017-08-21,0.1,2017-08-21 00:00:00
12185,2017-08-22,0.0,2017-08-22 00:00:00
12186,2017-08-23,0.08,2017-08-23 00:00:00
14607,2016-08-23,1.79,2016-08-23 00:00:00
14608,2016-08-24,2.15,2016-08-24 00:00:00
14609,2016-08-25,0.06,2016-08-25 00:00:00
14610,2016-08-26,0.01,2016-08-26 00:00:00
14611,2016-08-27,0.12,2016-08-27 00:00:00
14612,2016-08-28,0.6,2016-08-28 00:00:00
14613,2016-08-29,0.35,2016-08-29 00:00:00
14614,2016-08-30,0.0,2016-08-30 00:00:00
14615,2016-08-31,0.24,2016-08-31 00:00:00
14616,2016-09-01,0.02,2016-09-01 00:00:00
14617,2016-09-02,0.01,2016-09-02 00:00:00
14618,2016-09-03,0.12,2016-09-03 00:00:00
14619,2016-09-04,0.14,2016-09-04 00:00:00
14620,2016-09-05,0.03,2016-09-05 00:00:00
14621,2016-09-06,0.11,2016-09-06 00:00:00
14622,2016-09-07,0.16,2016-09-07 00:00:00
14623,2016-09-08,0.07,2016-09-08 00:00:00
14624,2016-09-09,0.16,2016-09-09 00:00:00
14625,2016-09-10,0.09,2016-09-10 00:00:00
14626,2016-09-11,0.3,2016-09-11 00:00:00
14627,2016-09-12,0.31,2016-09-12 00:00:00
14628,2016-09-13,0.34,2016-09-13 00:00:00
14629,2016-09-14,2.33,2016-09-14 00:00:00
14630,2016-09-15,0.83,2016-09-15 00:00:00
14631,2016-09-16,0.06,2016-09-16 00:00:00
14632,2016-09-17,0.36,2016-09-17 00:00:00
14633,2016-09-18,0.07,2016-09-18 00:00:00
14634,2016-09-19,0.01,2016-09-19 00:00:00
14635,2016-09-20,0.22,2016-09-20 00:00:00
14636,2016-09-21,0.07,2016-09-21 00:00:00
14637,2016-09-22,0.34,2016-09-22 00:00:00
14638,2016-09-23,0.94,2016-09-23 00:00:00
14639,2016-09-24,0.01,2016-09-24 00:00:00
14640,2016-09-25,0.03,2016-09-25 00:00:00
14641,2016-09-26,0.17,2016-09-26 00:00:00
14642,2016-09-27,0.17,2016-09-27 00:00:00
14643,2016-09-28,0.0,2016-09-28 00:00:00
14644,2016-09-29,0.59,2016-09-29 00:00:00
14645,2016-09-30,0.25,2016-09-30 00:00:00
14646,2016-10-01,0.14,2016-10-01 00:00:00
14647,2016-10-02,0.06,2016-10-02 00:00:00
14648,2016-10-03,0.16,2016-10-03 00:00:00
14649,2016-10-04,0.03,2016-10-04 00:00:00
14650,2016-10-05,0.01,2016-10-05 00:00:00
14651,2016-10-06,0.0,2016-10-06 00:00:00
14652,2016-10-07,0.0,2016-10-07 00:00:00
14653,2016-10-08,0.0,2016-10-08 00:00:00
14654,2016-10-09,0.0,2016-10-09 00:00:00
14655,2016-10-10,0.0,2016-10-10 00:00:00
14656,2016-10-11,0.28,2016-10-11 00:00:00
14657,2016-10-12,0.03,2016-10-12 00:00:00
14658,2016-10-13,0.0,2016-10-13 00:00:00
14659,2016-10-14,0.0,2016-10-14 00:00:00
14660,2016-10-15,0.04,2016-10-15 00:00:00
14661,2016-10-16,0.0,2016-10-16 00:00:00
14662,2016-10-17,0.01,2016-10-17 00:00:00
14663,2016-10-18,0.02,2016-10-18 00:00:00
14664,2016-10-19,0.11,2016-10-19 00:00:00
14665,2016-10-20,0.0,2016-10-20 00:00:00
14666,2016-10-21,0.0,2016-10-21 00:00:00
14667,2016-10-22,0.15,2016-10-22 00:00:00
14668,2016-10-23,0.02,2016-10-23 00:00:00
14669,2016-10-24,0.08,2016-10-24 00:00:00
14670,2016-10-25,0.11,2016-10-25 00:00:00
14671,2016-10-26,0.01,2016-10-26 00:00:00
14672,2016-10-27,0.22,2016-10-27 00:00:00
14673,2016-10-28,0.05,2016-10-28 00:00:00
14674,2016-10-29,0.1,2016-10-29 00:00:00
14675,2016-10-30,0.16,2016-10-30 00:00:00
14676,2016-10-31,0.07,2016-10-31 00:00:00
14677,2016-11-01,0.1,2016-11-01 00:00:00
14678,2016-11-02,0.0,2016-11-02 00:00:00
14679,2016-11-03,0.0,2016-11-03 00:00:00
14680,2016-11-04,0.0,2016-11-04 00:00:00
14681,2016-11-05,0.03,2016-11-05 00:00:00
14682,2016-11-06,0.01,2016-11-06 00:00:00
14683,2016-11-07,0.0,2016-11-07 00:00:00
14684,2016-11-08,0.21,2016-11-08 00:00:00
14685,2016-11-09,0.11,2016-11-09 00:00:00
14686,2016-11-10,0.0,2016-11-10 00:00:00
14687,2016-11-11,0.0,2016-11-11 00:00:00
14688,2016-11-12,0.0,2016-11-12 00:00:00
14689,2016-11-13,0.0,2016-11-13 00:00:00
14690,2016-11-14,0.0,2016-11-14 00:00:00
14691,2016-11-15,0.0,2016-11-15 00:00:00
14692,2016-11-16,0.24,2016-11-16 00:00:00
14693,2016-11-17,0.01,2016-11-17 00:00:00
14694,2016-11-18,0.0,2016-11-18 00:00:00
14695,2016-11-19,0.11,2016-11-19 00:00:00
14696,2016-11-20,0.39,2016-11-20 00:00:00
14697,2016-11-21,0.11,2016-11-21 00:00:00
14698,2016-11-22,2.05,2016-11-22 00:00:00
14699,2016-11-23,0.25,2016-11-23 00:00:00
14700,2016-11-24,0.3,2016-11-24 00:00:00
14701,2016-11-25,0.08,2016-11-25 00:00:00
14702,2016-11-26,0.06,2016-11-26 00:00:00
14703,2016-11-27,0.17,2016-11-27 00:00:00
14704,2016-11-28,0.0,2016-11-28 00:00:00
14705,2016-11-29,0.09,2016-11-29 00:00:00
14706,2016-11-30,0.05,2016-11-30 00:00:00
14707,2016-12-01,0.37,2016-12-01 00:00:00
14708,2016-12-02,0.35,2016-12-02 00:00:00
14709,2016-12-03,0.77,2016-12-03 00:00:00
14710,2016-12-04,0.04,2016-12-04 00:00:00
14711,2016-12-05,0.22,2016-12-05 00:00:00
14712,2016-12-06,0.0,2016-12-06 00:00:00
14713,2016-12-07,0.12,2016-12-07 00:00:00
14714,2016-12-08,0.07,2016-12-08 00:00:00
14715,2016-12-09,0.31,2016-12-09 00:00:00
14716,2016-12-10,0.02,2016-12-10 00:00:00
14717,2016-12-11,0.0,2016-12-11 00:00:00
14718,2016-12-12,0.0,2016-12-12 00:00:00
14719,2016-12-13,0.04,2016-12-13 00:00:00
14720,2016-12-14,0.92,2016-12-14 00:00:00
14721,2016-12-15,0.14,2016-12-15 00:00:00
14722,2016-12-16,0.03,2016-12-16 00:00:00
14723,2016-12-17,0.07,2016-12-17 00:00:00
14724,2016-12-18,0.16,2016-12-18 00:00:00
14725,2016-12-19,0.03,2016-12-19 00:00:00
14726,2016-12-20,0.0,2016-12-20 00:00:00
14727,2016-12-21,0.11,2016-12-21 00:00:00
14728,2016-12-22,0.86,2016-12-22 00:00:00
14729,2016-12-23,0.24,2016-12-23 00:00:00
14730,2016-12-24,0.2,2016-12-24 00:00:00
14731,2016-12-25,0.02,2016-12-25 00:00:00
14732,2016-12-26,0.22,2016-12-26 00:00:00
14733,2016-12-27,0.05,2016-12-27 00:00:00
14734,2016-12-28,0.09,2016-12-28 00:00:00
14735,2016-12-29,0.52,2016-12-29 00:00:00
14736,2016-12-30,0.29,2016-12-30 00:00:00
14737,2016-12-31,0.25,2016-12-31 00:00:00
14738,2017-01-01,0.03,2017-01-01 00:00:00
14739,2017-01-02,0.01,2017-01-02 00:00:00
14740,2017-01-03,0.0,2017-01-03 00:00:00
14741,2017-01-04,0.0,2017-01-04 00:00:00
14742,2017-01-05,0.06,2017-01-05 00:00:00
14743,2017-01-06,0.1,2017-01-06 00:00:00
14744,2017-01-07,0.0,2017-01-07 00:00:00
14745,2017-01-08,0.0,2017-01-08 00:00:00
14746,2017-01-09,0.0,2017-01-09 00:00:00
14747,2017-01-10,0.0,2017-01-10 00:00:00
14748,2017-01-11,0.0,2017-01-11 00:00:00
14749,2017-01-12,0.0,2017-01-12 00:00:00
14750,2017-01-13,0.0,2017-01-13 00:00:00
14751,2017-01-14,0.01,2017-01-14 00:00:00
14752,2017-01-15,0.0,2017-01-15 00:00:00
14753,2017-01-16,0.0,2017-01-16 00:00:00
14754,2017-01-17,0.0,2017-01-17 00:00:00
14755,2017-01-18,0.0,2017-01-18 00:00:00
14756,2017-01-19,0.02,2017-01-19 00:00:00
14757,2017-01-20,0.0,2017-01-20 00:00:00
14758,2017-01-21,0.03,2017-01-21 00:00:00
14759,2017-01-22,0.09,2017-01-22 00:00:00
14760,2017-01-23,0.01,2017-01-23 00:00:00
14761,2017-01-24,0.13,2017-01-24 00:00:00
14762,2017-01-25,0.79,2017-01-25 00:00:00
14763,2017-01-26,0.0,2017-01-26 00:00:00
14764,2017-01-27,0.03,2017-01-27 00:00:00
14765,2017-01-28,0.0,2017-01-28 00:00:00
14766,2017-01-29,0.26,2017-01-29 00:00:00
14767,2017-01-30,0.0,2017-01-30 00:00:00
14768,2017-01-31,0.0,2017-01-31 00:00:00
14769,2017-02-01,0.0,2017-02-01 00:00:00
14770,2017-02-02,0.0,2017-02-02 00:00:00
14771,2017-02-03,0.0,2017-02-03 00:00:00
14772,2017-02-04,0.0,2017-02-04 00:00:00
14773,2017-02-05,0.0,2017-02-05 00:00:00
14774,2017-02-06,0.18,2017-02-06 00:00:00
14775,2017-02-07,1.32,2017-02-07 00:00:00
14776,2017-02-08,0.0,2017-02-08 00:00:00
14777,2017-02-09,0.0,2017-02-09 00:00:00
14778,2017-02-10,0.0,2017-02-10 00:00:00
14779,2017-02-11,1.73,2017-02-11 00:00:00
14780,2017-02-12,2.98,2017-02-12 00:00:00
14781,2017-02-13,0.01,2017-02-13 00:00:00
14782,2017-02-14,0.0,2017-02-14 00:00:00
14783,2017-02-15,0.01,2017-02-15 00:00:00
14784,2017-02-16,0.73,2017-02-16 00:00:00
14785,2017-02-17,0.13,2017-02-17 00:00:00
14786,2017-02-18,0.0,2017-02-18 00:00:00
14787,2017-02-19,0.09,2017-02-19 00:00:00
14788,2017-02-20,0.0,2017-02-20 00:00:00
14789,2017-02-21,0.0,2017-02-21 00:00:00
14790,2017-02-22,0.06,2017-02-22 00:00:00
14791,2017-02-23,0.0,2017-02-23 00:00:00
14792,2017-02-24,0.0,2017-02-24 00:00:00
14793,2017-02-25,0.0,2017-02-25 00:00:00
14794,2017-02-26,0.0,2017-02-26 00:00:00
14795,2017-02-27,0.0,2017-02-27 00:00:00
14796,2017-02-28,0.04,2017-02-28 00:00:00
14797,2017-03-01,2.12,2017-03-01 00:00:00
14798,2017-03-02,1.88,2017-03-02 00:00:00
14799,2017-03-03,0.27,2017-03-03 00:00:00
14800,2017-03-04,0.0,2017-03-04 00:00:00
14801,2017-03-05,0.41,2017-03-05 00:00:00
14802,2017-03-06,0.03,2017-03-06 00:00:00
14803,2017-03-07,0.0,2017-03-07 00:00:00
14804,2017-03-08,0.0,2017-03-08 00:00:00
14805,2017-03-09,0.65,2017-03-09 00:00:00
14806,2017-03-10,0.03,2017-03-10 00:00:00
14807,2017-03-11,0.01,2017-03-11 00:00:00
14808,2017-03-12,0.0,2017-03-12 00:00:00
14809,2017-03-13,0.0,2017-03-13 00:00:00
14810,2017-03-14,0.0,2017-03-14 00:00:00
14811,2017-03-15,0.06,2017-03-15 00:00:00
14812,2017-03-16,0.0,2017-03-16 00:00:00
14813,2017-03-17,0.12,2017-03-17 00:00:00
14814,2017-03-18,0.0,2017-03-18 00:00:00
14815,2017-03-19,0.0,2017-03-19 00:00:00
14816,2017-03-20,0.02,2017-03-20 00:00:00
14817,2017-03-21,0.09,2017-03-21 00:00:00
14818,2017-03-22,0.0,2017-03-22 00:00:00
14819,2017-03-23,0.0,2017-03-23 00:00:00
14820,2017-03-24,0.12,2017-03-24 00:00:00
14821,2017-03-25,0.93,2017-03-25 00:00:00
14822,2017-03-26,0.0,2017-03-26 00:00:00
14823,2017-03-27,0.01,2017-03-27 00:00:00
14824,2017-03-28,0.0,2017-03-28 00:00:00
14825,2017-03-29,0.01,2017-03-29 00:00:00
14826,2017-03-30,0.04,2017-03-30 00:00:00
14827,2017-03-31,0.01,2017-03-31 00:00:00
14828,2017-04-01,0.21,2017-04-01 00:00:00
14829,2017-04-02,0.0,2017-04-02 00:00:00
14830,2017-04-03,0.26,2017-04-03 00:00:00
14831,2017-04-04,0.09,2017-04-04 00:00:00
14832,2017-04-05,0.1,2017-04-05 00:00:00
14833,2017-04-06,0.06,2017-04-06 00:00:00
14834,2017-04-07,0.0,2017-04-07 00:00:00
14835,2017-04-08,0.0,2017-04-08 00:00:00
14836,2017-04-09,0.0,2017-04-09 00:00:00
14837,2017-04-10,0.01,2017-04-10 00:00:00
14838,2017-04-11,0.03,2017-04-11 00:00:00
14839,2017-04-12,0.11,2017-04-12 00:00:00
14840,2017-04-13,0.59,2017-04-13 00:00:00
14841,2017-04-14,2.3,2017-04-14 00:00:00
14842,2017-04-15,0.38,2017-04-15 00:00:00
14843,2017-04-16,0.47,2017-04-16 00:00:00
14844,2017-04-17,1.04,2017-04-17 00:00:00
14845,2017-04-18,2.03,2017-04-18 00:00:00
14846,2017-04-19,0.02,2017-04-19 00:00:00
14847,2017-04-20,0.05,2017-04-20 00:00:00
14848,2017-04-21,1.74,2017-04-21 00:00:00
14849,2017-04-22,1.58,2017-04-22 00:00:00
14850,2017-04-23,0.06,2017-04-23 00:00:00
14851,2017-04-24,0.01,2017-04-24 00:00:00
14852,2017-04-25,0.0,2017-04-25 00:00:00
14853,2017-04-26,0.02,2017-04-26 00:00:00
14854,2017-04-27,0.19,2017-04-27 00:00:00
14855,2017-04-28,0.76,2017-04-28 00:00:00
14856,2017-04-29,0.37,2017-04-29 00:00:00
14857,2017-04-30,1.04,2017-04-30 00:00:00
14858,2017-05-01,0.13,2017-05-01 00:00:00
14859,2017-05-02,0.01,2017-05-02 00:00:00
14860,2017-05-03,0.01,2017-05-03 00:00:00
14861,2017-05-04,0.0,2017-05-04 00:00:00
14862,2017-05-05,0.0,2017-05-05 00:00:00
14863,2017-05-06,0.0,2017-05-06 00:00:00
14864,2017-05-07,0.02,2017-05-07 00:00:00
14865,2017-05-08,0.73,2017-05-08 00:00:00
14866,2017-05-09,1.58,2017-05-09 00:00:00
14867,2017-05-10,0.2,2017-05-10 00:00:00
14868,2017-05-11,0.12,2017-05-11 00:00:00
14869,2017-05-12,0.02,2017-05-12 00:00:00
14870,2017-05-13,0.12,2017-05-13 00:00:00
14871,2017-05-14,0.17,2017-05-14 00:00:00
14872,2017-05-15,0.09,2017-05-15 00:00:00
14873,2017-05-16,0.03,2017-05-16 00:00:00
14874,2017-05-17,0.07,2017-05-17 00:00:00
14875,2017-05-18,0.13,2017-05-18 00:00:00
14876,2017-05-19,0.01,2017-05-19 00:00:00
14877,2017-05-20,0.02,2017-05-20 00:00:00
14878,2017-05-21,0.01,2017-05-21 00:00:00
14879,2017-05-22,0.06,2017-05-22 00:00:00
14880,2017-05-23,0.06,2017-05-23 00:00:00
14881,2017-05-24,0.3,2017-05-24 00:00:00
14882,2017-05-25,0.2,2017-05-25 00:00:00
14883,2017-05-26,0.0,2017-05-26 00:00:00
14884,2017-05-27,0.0,2017-05-27 00:00:00
14885,2017-05-28,0.08,2017-05-28 00:00:00
14886,2017-05-29,0.4,2017-05-29 00:00:00
14887,2017-05-30,1.12,2017-05-30 00:00:00
14888,2017-05-31,0.25,2017-05-31 00:00:00
14889,2017-06-01,0.0,2017-06-01 00:00:00
14890,2017-06-02,0.09,2017-06-02 00:00:00
14891,2017-06-03,0.08,2017-06-03 00:00:00
14892,2017-06-04,0.13,2017-06-04 00:00:00
14893,2017-06-05,0.05,2017-06-05 00:00:00
14894,2017-06-06,0.0,2017-06-06 00:00:00
14895,2017-06-07,0.0,2017-06-07 00:00:00
14896,2017-06-08,0.0,2017-06-08 00:00:00
14897,2017-06-09,0.02,2017-06-09 00:00:00
14898,2017-06-10,0.62,2017-06-10 00:00:00
14899,2017-06-11,0.74,2017-06-11 00:00:00
14900,2017-06-12,0.24,2017-06-12 00:00:00
14901,2017-06-13,0.24,2017-06-13 00:00:00
14902,2017-06-14,0.22,2017-06-14 00:00:00
14903,2017-06-15,0.55,2017-06-15 00:00:00
14904,2017-06-16,0.06,2017-06-16 00:00:00
14905,2017-06-17,0.07,2017-06-17 00:00:00
14906,2017-06-18,0.24,2017-06-18 00:00:00
14907,2017-06-19,0.08,2017-06-19 00:00:00
14908,2017-06-20,0.0,2017-06-20 00:00:00
14909,2017-06-21,0.19,2017-06-21 00:00:00
14910,2017-06-22,0.06,2017-06-22 00:00:00
14911,2017-06-23,0.12,2017-06-23 00:00:00
14912,2017-06-24,0.36,2017-06-24 00:00:00
14913,2017-06-25,0.02,2017-06-25 00:00:00
14914,2017-06-26,0.06,2017-06-26 00:00:00
14915,2017-06-27,0.01,2017-06-27 00:00:00
14916,2017-06-28,0.0,2017-06-28 00:00:00
14917,2017-06-29,0.0,2017-06-29 00:00:00
14918,2017-06-30,0.01,2017-06-30 00:00:00
14919,2017-07-01,0.08,2017-07-01 00:00:00
14920,2017-07-02,0.15,2017-07-02 00:00:00
14921,2017-07-03,0.15,2017-07-03 00:00:00
14922,2017-07-04,0.08,2017-07-04 00:00:00
14923,2017-07-05,0.0,2017-07-05 00:00:00
14924,2017-07-06,0.0,2017-07-06 00:00:00
14925,2017-07-07,0.18,2017-07-07 00:00:00
14926,2017-07-08,0.0,2017-07-08 00:00:00
14927,2017-07-09,0.11,2017-07-09 00:00:00
14928,2017-07-10,0.02,2017-07-10 00:00:00
14929,2017-07-11,0.02,2017-07-11 00:00:00
14930,2017-07-12,0.28,2017-07-12 00:00:00
14931,2017-07-13,0.32,2017-07-13 00:00:00
14932,2017-07-14,0.2,2017-07-14 00:00:00
14933,2017-07-15,0.05,2017-07-15 00:00:00
14934,2017-07-16,0.1,2017-07-16 00:00:00
14935,2017-07-17,0.21,2017-07-17 00:00:00
14936,2017-07-18,0.05,2017-07-18 00:00:00
14937,2017-07-19,0.05,2017-07-19 00:00:00
14938,2017-07-20,0.06,2017-07-20 00:00:00
14939,2017-07-21,0.03,2017-07-21 00:00:00
14940,2017-07-22,0.2,2017-07-22 00:00:00
14941,2017-07-23,0.2,2017-07-23 00:00:00
14942,2017-07-24,0.61,2017-07-24 00:00:00
14943,2017-07-25,0.11,2017-07-25 00:00:00
14944,2017-07-26,0.12,2017-07-26 00:00:00
14945,2017-07-27,0.01,2017-07-27 00:00:00
14946,2017-07-28,0.09,2017-07-28 00:00:00
14947,2017-07-29,0.23,2017-07-29 00:00:00
14948,2017-07-30,0.0,2017-07-30 00:00:00
14949,2017-07-31,0.0,2017-07-31 00:00:00
14950,2017-08-04,0.0,2017-08-04 00:00:00
14951,2017-08-05,0.06,2017-08-05 00:00:00
14952,2017-08-06,0.0,2017-08-06 00:00:00
14953,2017-08-13,0.0,2017-08-13 00:00:00
14954,2017-08-14,0.0,2017-08-14 00:00:00
14955,2017-08-15,0.32,2017-08-15 00:00:00
14956,2017-08-16,0.12,2017-08-16 00:00:00
14957,2017-08-17,0.01,2017-08-17 00:00:00
14958,2017-08-18,0.06,2017-08-18 00:00:00
19201,2016-08-23,0.7,2016-08-23 00:00:00
19202,2016-08-24,1.45,2016-08-24 00:00:00
19203,2016-08-25,0.11,2016-08-25 00:00:00
19204,2016-08-27,0.44,2016-08-27 00:00:00
19205,2016-08-28,2.07,2016-08-28 00:00:00
19206,2016-08-29,0.9,2016-08-29 00:00:00
19207,2016-08-30,0.05,2016-08-30 00:00:00
19208,2016-08-31,2.46,2016-08-31 00:00:00
19209,2016-09-01,0.01,2016-09-01 00:00:00
19210,2016-09-02,0.03,2016-09-02 00:00:00
19211,2016-09-03,1.0,2016-09-03 00:00:00
19212,2016-09-04,0.44,2016-09-04 00:00:00
19213,2016-09-05,0.18,2016-09-05 00:00:00
19214,2016-09-06,1.0,2016-09-06 00:00:00
19215,2016-09-07,1.35,2016-09-07 00:00:00
19216,2016-09-08,0.15,2016-09-08 00:00:00
19217,2016-09-09,0.35,2016-09-09 00:00:00
19218,2016-09-10,1.16,2016-09-10 00:00:00
19219,2016-09-11,0.6,2016-09-11 00:00:00
19220,2016-09-12,1.04,2016-09-12 00:00:00
19221,2016-09-13,1.2,2016-09-13 00:00:00
19222,2016-09-14,6.7,2016-09-14 00:00:00
19223,2016-09-15,3.35,2016-09-15 00:00:00
19224,2016-09-16,0.61,2016-09-16 00:00:00
19225,2016-09-17,0.23,2016-09-17 00:00:00
19226,2016-09-18,0.42,2016-09-18 00:00:00
19227,2016-09-19,0.25,2016-09-19 00:00:00
19228,2016-09-20,0.43,2016-09-20 00:00:00
19229,2016-09-21,1.02,2016-09-21 00:00:00
19230,2016-09-22,0.75,2016-09-22 00:00:00
19231,2016-09-23,0.33,2016-09-23 00:00:00
19232,2016-09-24,0.27,2016-09-24 00:00:00
19233,2016-09-25,0.04,2016-09-25 00:00:00
19234,2016-09-26,1.02,2016-09-26 00:00:00
19235,2016-09-27,1.0,2016-09-27 00:00:00
19236,2016-09-28,0.05,2016-09-28 00:00:00
19237,2016-09-29,1.49,2016-09-29 00:00:00
19238,2016-09-30,0.38,2016-09-30 00:00:00
19239,2016-10-01,1.02,2016-10-01 00:00:00
19240,2016-10-02,0.61,2016-10-02 00:00:00
19241,2016-10-03,0.46,2016-10-03 00:00:00
19242,2016-10-04,3.46,2016-10-04 00:00:00
19243,2016-10-05,0.81,2016-10-05 00:00:00
19244,2016-10-06,0.04,2016-10-06 00:00:00
19245,2016-10-07,0.01,2016-10-07 00:00:00
19246,2016-10-08,0.04,2016-10-08 00:00:00
19247,2016-10-09,0.0,2016-10-09 00:00:00
19248,2016-10-10,0.0,2016-10-10 00:00:00
19249,2016-10-11,0.35,2016-10-11 00:00:00
19250,2016-10-12,0.02,2016-10-12 00:00:00
19251,2016-10-13,0.06,2016-10-13 00:00:00
19252,2016-10-14,0.0,2016-10-14 00:00:00
19253,2016-10-15,0.33,2016-10-15 00:00:00
19254,2016-10-16,0.0,2016-10-16 00:00:00
19255,2016-10-17,0.38,2016-10-17 00:00:00
19256,2016-10-18,0.48,2016-10-18 00:00:00
19257,2016-10-19,0.0,2016-10-19 00:00:00
19258,2016-10-20,1.0,2016-10-20 00:00:00
19259,2016-10-21,0.09,2016-10-21 00:00:00
19260,2016-10-22,1.37,2016-10-22 00:00:00
19261,2016-10-23,0.24,2016-10-23 00:00:00
19262,2016-10-24,0.7,2016-10-24 00:00:00
19263,2016-10-25,0.4,2016-10-25 00:00:00
19264,2016-10-26,0.0,2016-10-26 00:00:00
19265,2016-10-27,1.25,2016-10-27 00:00:00
19266,2016-10-28,0.37,2016-10-28 00:00:00
19267,2016-10-29,0.25,2016-10-29 00:00:00
19268,2016-10-30,0.95,2016-10-30 00:00:00
19269,2016-10-31,1.35,2016-10-31 00:00:00
19270,2016-11-01,0.09,2016-11-01 00:00:00
19271,2016-11-02,0.04,2016-11-02 00:00:00
19272,2016-11-03,0.02,2016-11-03 00:00:00
19273,2016-11-04,0.06,2016-11-04 00:00:00
19274,2016-11-05,0.38,2016-11-05 00:00:00
19275,2016-11-06,0.05,2016-11-06 00:00:00
19276,2016-11-07,0.05,2016-11-07 00:00:00
19277,2016-11-08,0.53,2016-11-08 00:00:00
19278,2016-11-09,0.04,2016-11-09 00:00:00
19279,2016-11-10,0.01,2016-11-10 00:00:00
19280,2016-11-11,0.0,2016-11-11 00:00:00
19281,2016-11-12,0.0,2016-11-12 00:00:00
19282,2016-11-13,0.0,2016-11-13 00:00:00
19283,2016-11-14,0.02,2016-11-14 00:00:00
19284,2016-11-15,0.05,2016-11-15 00:00:00
19285,2016-11-16,0.91,2016-11-16 00:00:00
19286,2016-11-17,0.02,2016-11-17 00:00:00
19287,2016-11-20,0.53,2016-11-20 00:00:00
19288,2016-11-21,2.87,2016-11-21 00:00:00
19289,2016-11-22,2.11,2016-11-22 00:00:00
19290,2016-11-23,0.22,2016-11-23 00:00:00
19291,2016-11-24,0.72,2016-11-24 00:00:00
19292,2016-11-25,1.03,2016-11-25 00:00:00
19293,2016-11-26,0.3,2016-11-26 00:00:00
19294,2016-11-27,0.29,2016-11-27 00:00:00
19295,2016-11-28,0.69,2016-11-28 00:00:00
19296,2016-11-29,0.2,2016-11-29 00:00:00
19297,2016-11-30,0.79,2016-11-30 00:00:00
19298,2016-12-01,0.72,2016-12-01 00:00:00
19299,2016-12-02,1.27,2016-12-02 00:00:00
19300,2016-12-03,1.62,2016-12-03 00:00:00
19301,2016-12-04,0.31,2016-12-04 00:00:00
19302,2016-12-05,1.6,2016-12-05 00:00:00
19303,2016-12-06,0.0,2016-12-06 00:00:00
19304,2016-12-07,0.02,2016-12-07 00:00:00
19305,2016-12-08,0.03,2016-12-08 00:00:00
19306,2016-12-09,0.42,2016-12-09 00:00:00
19307,2016-12-10,0.04,2016-12-10 00:00:00
19308,2016-12-11,0.13,2016-12-11 00:00:00
19309,2016-12-12,0.01,2016-12-12 00:00:00
19310,2016-12-13,0.09,2016-12-13 00:00:00
19311,2016-12-14,0.33,2016-12-14 00:00:00
19312,2016-12-15,0.03,2016-12-15 00:00:00
19313,2016-12-16,0.0,2016-12-16 00:00:00
19314,2016-12-18,0.51,2016-12-18 00:00:00
19315,2016-12-19,0.15,2016-12-19 00:00:00
19316,2016-12-20,0.0,2016-12-20 00:00:00
19317,2016-12-21,0.55,2016-12-21 00:00:00
19318,2016-12-22,1.24,2016-12-22 00:00:00
19319,2016-12-23,0.83,2016-12-23 00:00:00
19320,2016-12-24,1.08,2016-12-24 00:00:00
19321,2016-12-25,0.38,2016-12-25 00:00:00
19322,2016-12-26,1.48,2016-12-26 00:00:00
19323,2016-12-27,0.14,2016-12-27 00:00:00
19324,2016-12-28,0.14,2016-12-28 00:00:00
19325,2016-12-29,1.03,2016-12-29 00:00:00
19326,2016-12-30,2.37,2016-12-30 00:00:00
19327,2016-12-31,0.9,2016-12-31 00:00:00
19328,2017-01-01,0.03,2017-01-01 00:00:00
19329,2017-01-02,0.0,2017-01-02 00:00:00
19330,2017-01-03,0.0,2017-01-03 00:00:00
19331,2017-01-04,0.0,2017-01-04 00:00:00
19332,2017-01-05,0.47,2017-01-05 00:00:00
19333,2017-01-06,0.1,2017-01-06 00:00:00
19334,2017-01-07,0.0,2017-01-07 00:00:00
19335,2017-01-08,0.03,2017-01-08 00:00:00
19336,2017-01-09,0.0,2017-01-09 00:00:00
19337,2017-01-10,0.0,2017-01-10 00:00:00
19338,2017-01-11,0.0,2017-01-11 00:00:00
19339,2017-01-12,0.0,2017-01-12 00:00:00
19340,2017-01-13,0.0,2017-01-13 00:00:00
19341,2017-01-14,0.0,2017-01-14 00:00:00
19342,2017-01-15,0.01,2017-01-15 00:00:00
19343,2017-01-16,0.0,2017-01-16 00:00:00
19344,2017-01-17,0.0,2017-01-17 00:00:00
19345,2017-01-18,0.07,2017-01-18 00:00:00
19346,2017-01-19,0.0,2017-01-19 00:00:00
19347,2017-01-20,0.0,2017-01-20 00:00:00
19348,2017-01-21,0.08,2017-01-21 00:00:00
19349,2017-01-22,0.72,2017-01-22 00:00:00
19350,2017-01-23,0.85,2017-01-23 00:00:00
19351,2017-01-24,1.85,2017-01-24 00:00:00
19352,2017-01-25,2.64,2017-01-25 00:00:00
19353,2017-01-26,0.1,2017-01-26 00:00:00
19354,2017-01-27,0.03,2017-01-27 00:00:00
19355,2017-01-28,0.0,2017-01-28 00:00:00
19356,2017-01-29,0.55,2017-01-29 00:00:00
19357,2017-01-30,0.0,2017-01-30 00:00:00
19358,2017-01-31,0.0,2017-01-31 00:00:00
19359,2017-02-01,0.0,2017-02-01 00:00:00
19360,2017-02-02,0.0,2017-02-02 00:00:00
19361,2017-02-04,0.23,2017-02-04 00:00:00
19362,2017-02-05,0.0,2017-02-05 00:00:00
19363,2017-02-06,0.0,2017-02-06 00:00:00
19364,2017-02-07,1.79,2017-02-07 00:00:00
19365,2017-02-08,0.0,2017-02-08 00:00:00
19366,2017-02-09,0.0,2017-02-09 00:00:00
19367,2017-02-10,0.0,2017-02-10 00:00:00
19368,2017-02-11,0.73,2017-02-11 00:00:00
19369,2017-02-12,1.83,2017-02-12 00:00:00
19370,2017-02-13,0.0,2017-02-13 00:00:00
19371,2017-02-14,0.01,2017-02-14 00:00:00
19372,2017-02-15,0.07,2017-02-15 00:00:00
19373,2017-02-16,0.13,2017-02-16 00:00:00
19374,2017-02-18,0.23,2017-02-18 00:00:00
19375,2017-02-19,0.1,2017-02-19 00:00:00
19376,2017-02-20,0.0,2017-02-20 00:00:00
19377,2017-02-21,0.07,2017-02-21 00:00:00
19378,2017-02-22,0.32,2017-02-22 00:00:00
19379,2017-02-23,0.0,2017-02-23 00:00:00
19380,2017-02-24,0.0,2017-02-24 00:00:00
19381,2017-02-25,0.12,2017-02-25 00:00:00
19382,2017-02-26,0.0,2017-02-26 00:00:00
19383,2017-02-27,0.0,2017-02-27 00:00:00
19384,2017-02-28,0.58,2017-02-28 00:00:00
19385,2017-03-01,2.0,2017-03-01 00:00:00
19386,2017-03-02,0.58,2017-03-02 00:00:00
19387,2017-03-03,0.56,2017-03-03 00:00:00
19388,2017-03-04,0.0,2017-03-04 00:00:00
19389,2017-03-05,0.35,2017-03-05 00:00:00
19390,2017-03-06,0.0,2017-03-06 00:00:00
19391,2017-03-07,0.0,2017-03-07 00:00:00
19392,2017-03-08,0.0,2017-03-08 00:00:00
19393,2017-03-09,0.01,2017-03-09 00:00:00
19394,2017-03-10,0.0,2017-03-10 00:00:00
19395,2017-03-11,0.0,2017-03-11 00:00:00
19396,2017-03-13,0.41,2017-03-13 00:00:00
19397,2017-03-14,0.0,2017-03-14 00:00:00
19398,2017-03-15,0.0,2017-03-15 00:00:00
19399,2017-03-16,0.0,2017-03-16 00:00:00
19400,2017-03-18,0.41,2017-03-18 00:00:00
19401,2017-03-19,0.0,2017-03-19 00:00:00
19402,2017-03-20,0.0,2017-03-20 00:00:00
19403,2017-03-21,0.0,2017-03-21 00:00:00
19404,2017-03-22,0.0,2017-03-22 00:00:00
19405,2017-03-23,0.03,2017-03-23 00:00:00
19406,2017-03-24,0.17,2017-03-24 00:00:00
19407,2017-03-25,0.48,2017-03-25 00:00:00
19408,2017-03-26,0.0,2017-03-26 00:00:00
19409,2017-03-27,0.0,2017-03-27 00:00:00
19410,2017-03-28,0.68,2017-03-28 00:00:00
19411,2017-03-29,0.07,2017-03-29 00:00:00
19412,2017-03-31,0.41,2017-03-31 00:00:00
19413,2017-04-01,0.2,2017-04-01 00:00:00
19414,2017-04-02,0.0,2017-04-02 00:00:00
19415,2017-04-03,0.23,2017-04-03 00:00:00
19416,2017-04-04,0.02,2017-04-04 00:00:00
19417,2017-04-05,0.45,2017-04-05 00:00:00
19418,2017-04-06,0.0,2017-04-06 00:00:00
19419,2017-04-08,0.46,2017-04-08 00:00:00
19420,2017-04-09,0.0,2017-04-09 00:00:00
19421,2017-04-10,0.0,2017-04-10 00:00:00
19422,2017-04-11,0.25,2017-04-11 00:00:00
19423,2017-04-12,0.65,2017-04-12 00:00:00
19424,2017-04-13,0.23,2017-04-13 00:00:00
19425,2017-04-14,2.82,2017-04-14 00:00:00
19426,2017-04-15,0.9,2017-04-15 00:00:00
19427,2017-04-16,0.11,2017-04-16 00:00:00
19428,2017-04-17,1.3,2017-04-17 00:00:00
19429,2017-04-18,0.98,2017-04-18 00:00:00
19430,2017-04-19,0.14,2017-04-19 00:00:00
19431,2017-04-20,0.0,2017-04-20 00:00:00
19432,2017-04-21,1.84,2017-04-21 00:00:00
19433,2017-04-22,1.35,2017-04-22 00:00:00
19434,2017-04-23,0.35,2017-04-23 00:00:00
19435,2017-04-24,0.05,2017-04-24 00:00:00
19436,2017-04-25,0.0,2017-04-25 00:00:00
19437,2017-04-26,0.22,2017-04-26 00:00:00
19438,2017-04-27,0.11,2017-04-27 00:00:00
19439,2017-04-28,0.79,2017-04-28 00:00:00
19440,2017-04-29,0.0,2017-04-29 00:00:00
19441,2017-04-30,0.8,2017-04-30 00:00:00
19442,2017-05-01,0.25,2017-05-01 00:00:00
19443,2017-05-02,0.0,2017-05-02 00:00:00
19444,2017-05-04,0.37,2017-05-04 00:00:00
19445,2017-05-05,0.1,2017-05-05 00:00:00
19446,2017-05-06,0.0,2017-05-06 00:00:00
19447,2017-05-07,0.03,2017-05-07 00:00:00
19448,2017-05-08,1.11,2017-05-08 00:00:00
19449,2017-05-09,0.23,2017-05-09 00:00:00
19450,2017-05-10,0.55,2017-05-10 00:00:00
19451,2017-05-11,0.44,2017-05-11 00:00:00
19452,2017-05-12,0.1,2017-05-12 00:00:00
19453,2017-05-13,0.1,2017-05-13 00:00:00
19454,2017-05-14,1.0,2017-05-14 00:00:00
19455,2017-05-15,0.6,2017-05-15 00:00:00
19456,2017-05-16,0.3,2017-05-16 00:00:00
19457,2017-05-17,0.06,2017-05-17 00:00:00
19458,2017-05-18,0.0,2017-05-18 00:00:00
19459,2017-05-20,0.37,2017-05-20 00:00:00
19460,2017-05-21,0.0,2017-05-21 00:00:00
19461,2017-05-22,0.3,2017-05-22 00:00:00
19462,2017-05-23,0.44,2017-05-23 00:00:00
19463,2017-05-24,2.17,2017-05-24 00:00:00
19464,2017-05-25,0.88,2017-05-25 00:00:00
19465,2017-05-26,0.0,2017-05-26 00:00:00
19466,2017-05-27,0.5,2017-05-27 00:00:00
19467,2017-05-28,0.0,2017-05-28 00:00:00
19468,2017-05-30,0.37,2017-05-30 00:00:00
19469,2017-06-01,0.01,2017-06-01 00:00:00
19470,2017-06-03,0.5,2017-06-03 00:00:00
19471,2017-06-04,0.82,2017-06-04 00:00:00
19472,2017-06-05,0.01,2017-06-05 00:00:00
19473,2017-06-06,0.0,2017-06-06 00:00:00
19474,2017-06-07,0.01,2017-06-07 00:00:00
19475,2017-06-08,0.0,2017-06-08 00:00:00
19476,2017-06-10,0.5,2017-06-10 00:00:00
19477,2017-06-11,0.7,2017-06-11 00:00:00
19478,2017-06-12,0.81,2017-06-12 00:00:00
19479,2017-06-13,0.65,2017-06-13 00:00:00
19480,2017-06-14,0.81,2017-06-14 00:00:00
19481,2017-06-15,1.69,2017-06-15 00:00:00
19482,2017-06-16,0.1,2017-06-16 00:00:00
19483,2017-06-17,0.1,2017-06-17 00:00:00
19484,2017-06-18,0.7,2017-06-18 00:00:00
19485,2017-06-19,0.4,2017-06-19 00:00:00
19486,2017-06-20,0.31,2017-06-20 00:00:00
19487,2017-06-21,0.3,2017-06-21 00:00:00
19488,2017-06-22,0.28,2017-06-22 00:00:00
19489,2017-06-23,0.5,2017-06-23 00:00:00
19490,2017-06-24,0.22,2017-06-24 00:00:00
19491,2017-06-25,0.5,2017-06-25 00:00:00
19492,2017-06-26,0.02,2017-06-26 00:00:00
19493,2017-06-27,0.1,2017-06-27 00:00:00
19494,2017-06-28,0.02,2017-06-28 00:00:00
19495,2017-06-29,0.04,2017-06-29 00:00:00
19496,2017-06-30,0.2,2017-06-30 00:00:00
19497,2017-07-01,0.1,2017-07-01 00:00:00
19498,2017-07-02,0.5,2017-07-02 00:00:00
19499,2017-07-03,0.4,2017-07-03 00:00:00
19500,2017-07-04,0.0,2017-07-04 00:00:00
19501,2017-07-05,0.0,2017-07-05 00:00:00
19502,2017-07-06,0.02,2017-07-06 00:00:00
19503,2017-07-07,0.3,2017-07-07 00:00:00
19504,2017-07-08,0.02,2017-07-08 00:00:00
19505,2017-07-09,0.0,2017-07-09 00:00:00
19506,2017-07-10,0.02,2017-07-10 00:00:00
19507,2017-07-11,0.0,2017-07-11 00:00:00
19508,2017-07-12,0.05,2017-07-12 00:00:00
19509,2017-07-13,0.68,2017-07-13 00:00:00
19510,2017-07-14,0.68,2017-07-14 00:00:00
19511,2017-07-15,0.1,2017-07-15 00:00:00
19512,2017-07-16,0.5,2017-07-16 00:00:00
19513,2017-07-17,0.39,2017-07-17 00:00:00
19514,2017-07-18,2.4,2017-07-18 00:00:00
19515,2017-07-19,0.27,2017-07-19 00:00:00
19516,2017-07-20,0.7,2017-07-20 00:00:00
19517,2017-07-21,0.1,2017-07-21 00:00:00
19518,2017-07-22,4.0,2017-07-22 00:00:00
19519,2017-07-23,0.8,2017-07-23 00:00:00
19520,2017-07-24,0.84,2017-07-24 00:00:00
19521,2017-07-25,0.3,2017-07-25 00:00:00
19522,2017-07-26,0.3,2017-07-26 00:00:00
19523,2017-07-27,0.0,2017-07-27 00:00:00
19524,2017-07-28,0.4,2017-07-28 00:00:00
19525,2017-07-29,0.3,2017-07-29 00:00:00
19526,2017-07-30,0.3,2017-07-30 00:00:00
19527,2017-07-31,0.0,2017-07-31 00:00:00
19528,2017-08-01,0.44,2017-08-01 00:00:00
19529,2017-08-02,0.25,2017-08-02 00:00:00
19530,2017-08-03,0.06,2017-08-03 00:00:00
19531,2017-08-05,0.44,2017-08-05 00:00:00
19532,2017-08-06,0.44,2017-08-06 00:00:00
19533,2017-08-07,0.05,2017-08-07 00:00:00
19534,2017-08-08,0.34,2017-08-08 00:00:00
19535,2017-08-09,0.15,2017-08-09 00:00:00
19536,2017-08-10,0.07,2017-08-10 00:00:00
19537,2017-08-11,0.44,2017-08-11 00:00:00
19538,2017-08-12,0.14,2017-08-12 00:00:00
19539,2017-08-13,0.44,2017-08-13 00:00:00
19540,2017-08-14,0.22,2017-08-14 00:00:00
19541,2017-08-15,0.42,2017-08-15 00:00:00
19542,2017-08-16,0.42,2017-08-16 00:00:00
19543,2017-08-17,0.13,2017-08-17 00:00:00
19544,2017-08-18,0.44,2017-08-18 00:00:00
19545,2017-08-19,0.09,2017-08-19 00:00:00
19546,2017-08-20,0.44,2017-08-20 00:00:00
19547,2017-08-21,0.56,2017-08-21 00:00:00
19548,2017-08-22,0.5,2017-08-22 00:00:00
19549,2017-08-23,0.45,2017-08-23 00:00:00
